code,country,year,FIDR_PA_R_DM,NGDP_NSA_XDC_R_CH_DM,PCPI_IX_CH_DM,ENDE_XDC_USD_RATE,FITB_PA_R_DM,FILR_PA_R_DM,FISR_PA_R_DM,FPOLM_PA_DM,FIDR_PA_R,NGDP_NSA_XDC_R_CH,PCPI_IX_CH,FITB_PA_R,FILR_PA_R,FISR_PA_R,FPOLM_PA,FIDR_PA,NGDP_NSA_XDC,PCPI_IX,FITB_PA,FILR_PA,FISR_PA
1,BS,2010.0,,,,1.0,,,,0.9363636363636365,,,,,,,5.25,3.72333333333333,,99.377462829895,2.3936,5.5,2.06
1,BS,2010.25,,,-0.0954418560528727,1.0,,,,0.9363636363636365,,,0.42317816800510333,,,,5.25,3.46333333333333,,99.7980065565085,2.48666666666667,5.5,2.03
1,BS,2010.5,,,-0.28967317954246957,1.0,,,,0.9363636363636365,,,0.22894684451550645,,,,5.25,3.33,,100.026490943409,2.14333333333333,5.5,1.84
1,BS,2010.75,,,0.2527243663150842,1.0,,,,0.9363636363636365,,,0.7713443903730602,,,,5.25,3.24666666666667,,100.798039670188,2.08626666666667,5.5,1.83333333333333
1,BS,2011.0,1.9189193000859197,,0.5326283333665657,1.0,0.1886696427964828,0.8833657212278521,0.9646261060276597,0.9363636363636365,2.561320559920447,,1.0512483574245417,1.181187226587117,4.881320559920447,1.234653893253777,5.25,3.18,,101.857677406537,1.79986666666667,5.5,1.85333333333333
1,BS,2011.25,1.416282979495114,,0.7817700929770303,1.0,-0.30896667779433284,0.4140627339703764,0.7786564521035242,0.1863636363636365,2.0586842393296414,,1.3003901170350063,0.6835509059963014,4.412017572662972,1.0486842393296414,4.5,2.89666666666667,,103.182224576973,1.52153333333333,5.25,1.88666666666667
1,BS,2011.5,0.711894357566081,,0.02695122112782078,1.0,-0.9476561112952355,-0.16509336619719672,0.44192312995612154,0.1863636363636365,1.3542956174006084,,0.5455712451857968,0.044861472495398735,3.8328614724953987,0.7119509171822388,4.5,2.27143414490521,,103.745157124408,0.962,4.75,1.62908944468684
1,BS,2011.75,0.7561263985614592,,-0.2632737106205874,1.0,-1.0707565920613176,-0.036093846963278775,0.5518332045031995,0.1863636363636365,1.3985276583959867,,0.2553463134373886,-0.07823900827068342,3.9618609917293166,0.8218609917293167,4.5,2.18666666666667,,104.010066558495,0.7099,4.75,1.61
1,BS,2012.0,0.9700941708210808,,-0.1365760890052818,1.0,-1.5152221531350225,0.13120725862968285,0.9887652406189313,0.1863636363636365,1.6124954306556083,,0.38204393505269424,-0.5227045693443882,4.129162097322278,1.2587930278450485,4.5,2.23333333333333,,104.407430709626,0.0981333333333333,4.75,1.87963093052277
1,BS,2012.25,0.8580825976375994,,0.6231497190443175,1.0,-1.0997670596518445,0.17086235211286116,0.8204560702460095,0.1863636363636365,1.5004838574721269,,1.1417697431022935,-0.10724947586121025,4.1688171908054565,1.0904838574721267,4.5,2.08166666666667,,105.599523163019,0.473933333333333,4.75,1.67166666666667
1,BS,2012.5,0.8049692941645035,,-0.4872622316464768,1.0,-1.347547029791603,0.29941571530643607,0.6173427667729139,0.1863636363636365,1.447370553999031,,0.0313577924114992,-0.35502944600096886,4.2973705539990315,0.8873705539990312,4.5,1.9,,105.63263684228,0.0976,4.75,1.34
1,BS,2012.75,0.8805091118135226,,-0.8320996478833438,1.0,-1.0297738788092472,0.4416221996221248,0.6662159177552729,0.1863636363636365,1.52291037164805,,-0.31347962382536776,-0.03725629501861283,4.43957703831472,0.9362437049813901,4.5,1.83333333333333,,105.30150004967,0.273166666666667,4.75,1.24666666666667
1,BS,2013.0,1.034247953444082,,-0.41819812219415836,1.0,-1.0596017038453618,0.5120277079193443,0.5966214260524922,0.1863636363636365,1.6766492132786095,,0.10042190186381766,-0.06708412005472764,4.50998254661194,0.8666492132786094,4.5,1.91666666666667,,105.407245818711,0.172933333333333,4.75,1.10666666666667
1,BS,2013.25,0.91287705180896,,0.21529999225144492,1.0,-0.8368059388138098,0.6139901396175622,0.5485838577507072,0.1863636363636365,1.5552783116434874,,0.7339200163094209,0.1557116449768245,4.611944978310158,0.8186116449768245,4.5,1.69333333333333,,106.180850694415,0.293766666666667,4.75,0.956666666666667
1,BS,2013.5,0.9301510688957739,,-0.6096916333270528,1.0,-0.8310319217269998,0.6445974900377065,0.49585787483751714,0.1863636363636365,1.5725523287303014,,-0.09107160926907676,0.1614856620636345,4.642552328730302,0.7658856620636344,4.5,1.68,,106.084150084952,0.268933333333333,4.75,0.873333333333333
1,BS,2013.75,0.5486076315418789,,-0.30592589846776347,1.0,-0.7726753590808948,0.5130540526838114,0.4276477708169561,0.1863636363636365,1.1910088913764063,,0.21269412559021256,0.2198422247097394,4.511008891376407,0.6976755580430734,4.5,1.43,,106.309784840365,0.458833333333333,4.75,0.936666666666667
1,BS,2014.0,0.39135148587773183,,0.6908264604624305,1.0,-1.055031504745042,0.23579790701966363,0.2670582918194719,0.1863636363636365,1.0337527457122593,,1.2094464845204065,-0.06251392095440778,4.233752745712259,0.5370860790455891,4.5,1.55,,107.595544795818,0.453733333333333,4.75,1.05333333333333
1,BS,2014.25,0.5173932368427321,,-0.34220034494187623,1.0,-0.7723230871133778,0.375172991317994,0.14976670945113918,0.1863636363636365,1.1597944966772595,,0.17641967911609982,0.22019449667725643,4.373127830010589,0.41979449667725643,4.5,1.53666666666667,,107.78536451069,0.597066666666667,4.75,0.796666666666667
1,BS,2014.5,0.3354349928297983,,-0.5485253239419975,1.0,-0.8942813311263087,0.35988141397173035,0.09780846543820837,0.1863636363636365,0.9778362526643257,,-0.0299052998840215,0.09823625266432562,4.357836252664326,0.3678362526643256,4.5,1.37,,107.753130974202,0.4904,4.75,0.76
1,BS,2014.75,0.34495123069101086,,-0.9706575165792941,1.0,-0.626165093265093,0.5260643184996132,0.36065803663275803,0.1863636363636365,0.9873524905255383,,-0.45203749252131803,0.3663524905255413,4.524019157192209,0.6306858238588753,4.5,1.21333333333333,,107.266046422833,0.592333333333333,4.75,0.856666666666667
1,BS,2015.0,0.34808636322915887,,1.6249525969765184,1.0,-0.8686966273936149,0.2925327843710912,0.23379316917090215,0.1863636363636365,0.9904876230636863,,2.1435726210344943,0.1238209563970194,4.290487623063687,0.5038209563970194,4.5,1.45,2856.44862944005,109.565372025619,0.583333333333333,4.75,0.963333333333333
1,BS,2015.25,0.331632095421045,1.771832119264905,-0.4630499403761006,1.0,-0.7285842285350588,0.32274518322964685,0.12067223469612515,0.1863636363636365,0.9740333552555724,2.5022887104582785,0.05557008368187544,0.2639333552555755,4.320700021922242,0.3907000219222424,4.5,1.40333333333333,2927.04467080571,109.62625759454,0.693233333333333,4.75,0.82
1,BS,2015.5,0.31287836837872973,-0.836903249912634,-0.11351041577273596,1.0,-0.8512379555773741,0.2139914561873315,0.025251840987142893,0.1863636363636365,0.9552796282132572,-0.10644665871926054,0.40510960828524006,0.14127962821326012,4.211946294879927,0.29527962821326015,4.5,1.49333333333333,2927.09521836421,110.070364097259,0.679333333333333,4.75,0.833333333333333
1,BS,2015.75,0.1889276618281912,0.570421600514753,-1.35485469037714,1.0,-0.6763553287945787,0.3100407496367934,0.0013011344366043454,0.1863636363636365,0.8313289216627187,1.3008781917081265,-0.836234666319164,0.31616225499605555,4.307995588329389,0.2713289216627216,4.5,1.27333333333333,2962.34037574889,109.149917555334,0.758166666666667,4.75,0.713333333333333
1,BS,2016.0,0.9927256164919178,-0.0657165871474924,-1.2569058883450284,1.0,0.311942625869141,1.0305053709671794,0.8117657557669911,0.1863636363636365,1.6351268763264453,0.6647400040458811,-0.7382858642870525,1.3044602096597753,5.028460209659775,1.0817935429931083,4.5,1.35666666666667,2960.64229450693,108.344079143142,1.026,4.75,0.803333333333333
1,BS,2016.25,0.7106738711070388,0.8764509992722577,0.22515704116341495,1.0,0.5959908804842621,0.8584536255823005,0.706380677048779,0.1863636363636365,1.3530751309415663,1.6069075904656311,0.743777065221391,1.5885084642748963,4.856408464274896,0.9764084642748964,4.5,1.24666666666667,3013.40722273707,109.149917555334,1.4821,4.75,0.87
1,BS,2016.5,0.6077188717257702,-4.263494640881193,-0.1150237515810209,1.0,1.0601358811030033,0.8588319595343723,0.5534256776675173,0.1863636363636365,1.2501201315602977,-3.53303804968782,0.4035962724769551,2.0526534648936376,4.856786798226968,0.8234534648936346,4.5,1.14333333333333,2906.93138930045,109.590442553999,1.94586666666667,4.75,0.716666666666667
1,BS,2016.75,0.4254886418051933,-2.260641001077286,-0.31926710402815295,1.0,0.9656389845157566,0.5999350629471252,0.4478621144136035,-0.3136363636363635,1.0678899016397208,-1.5301844098839124,0.1993529200298231,1.9581565683063908,4.5978899016397206,0.7178899016397208,4.0,1.22,2869.86869474541,109.808914301304,2.11026666666667,4.75,0.87
1,BS,2017.0,-0.19034179360770465,3.15731768198753,0.31308251997323167,1.0,0.4206085491028514,-0.2925620391324397,-0.0413016543326285,-0.3136363636363635,0.4520594662268228,3.8877742731809035,0.8317025440312077,1.4131261328934857,3.7053927995601557,0.22872613289348875,4.0,0.996666666666667,2993.12701477158,110.722197835121,1.95773333333333,4.25,0.773333333333333
1,BS,2017.25,-0.0009461283051883651,10.895903960352303,-0.61242562004665,1.0,0.44080421440536777,-0.08316637382992331,0.11476067763655479,-0.3136363636363635,0.6414551315293391,11.626360551545677,-0.093805595988674,1.433321798196002,3.914788464862672,0.38478846486267204,4.0,0.976666666666667,3334.16049063205,110.61833421755,1.76853333333333,4.25,0.72
1,BS,2017.5,0.07486066499714483,-11.778966940495117,-0.418250924790354,1.0,0.5170110077077009,-0.007359580527590115,0.14390080427222107,-0.3136363636363635,0.7172619248316723,-11.048510349301743,0.10036909926762203,1.5095285914983352,3.9905952581650053,0.4139285914983383,4.0,0.976666666666667,2963.54466820735,110.729360843229,1.76893333333333,4.25,0.673333333333333
1,BS,2017.75,0.010549721410674895,-0.872721839646089,0.13797667031773875,1.0,0.4504333974545681,-0.1216705241140632,0.07625652735241512,-0.3136363636363635,0.6529509812452023,-0.14226524845271543,0.6565966943757148,1.4429509812452024,3.876284314578532,0.34628431457853237,4.0,1.02666666666667,2962.70265790532,111.456406166229,1.81666666666667,4.25,0.72
1,BS,2018.0,0.014124457675632973,11.778856924741236,-0.18121642508661295,1.0,0.5406748003861893,0.00190421215089831,0.18983126361737623,-0.3136363636363635,0.6565257175101604,12.50931351593461,0.3374035989713631,1.5331923841768236,3.9998590508434937,0.4598590508434935,4.0,0.906666666666667,3329.21262149626,111.832464091918,1.78333333333333,4.25,0.71
1,BS,2018.25,-0.23277236432675774,-3.8376028820999872,0.04182833462957747,1.0,0.37377797838380256,-0.1616592765181588,-0.013732225051680536,-0.3136363636363635,0.4096288955077697,-3.1071462909066137,0.5604483586875535,1.3662955621744368,3.8362955621744366,0.2562955621744367,4.0,0.823333333333333,3231.03213055493,112.459227301401,1.78,4.25,0.67
1,BS,2018.5,-0.7517671383419682,-9.160564136351686,1.6310615046038235,1.0,-0.30188346229807195,-0.6739873838667032,-0.5360603324002249,-0.3136363636363635,-0.10936587850744073,-8.430107545158313,2.1496815286617994,0.6906341214925623,3.323967454825892,-0.2660325451741077,4.0,0.816666666666667,2973.74820524675,114.876742537975,1.61666666666667,4.25,0.66
1,BS,2018.75,-0.4855135220356901,4.452019674845155,-0.9270377949073734,1.0,-0.06229651265846381,-0.4077337675604249,-0.4331400494272799,-0.3136363636363635,0.15688773779883736,5.182476266038528,-0.4084177708493974,0.9302210711321705,3.5902210711321705,-0.16311226220116265,4.0,0.816666666666667,3119.61036731282,114.407565506877,1.59,4.25,0.496666666666667
1,BS,2019.0,-0.7689925747096685,5.181114497352303,0.5926997856093007,1.0,-0.32244223199911226,-0.6012128202344034,-0.5799524354345924,-0.3136363636363635,-0.12659131487514108,5.911571088545677,1.1113198096672767,0.670075351791522,3.396742018458192,-0.3099246482084751,4.0,0.726666666666667,3310.37905402273,115.678999446113,1.52333333333333,4.25,0.543333333333333
1,BS,2019.25,-0.9214747862027507,8.642186049285264,-0.0015761527314295254,1.0,-0.2415911101588606,-0.5903616983941515,-0.7624346469276735,-0.3136363636363635,-0.27907352636822325,9.372642640478638,0.5170438713265465,0.7509264736317737,3.407593140298444,-0.4924068597015563,4.0,0.563333333333333,3620.25949568857,116.277110623161,1.59333333333333,4.25,0.35
1,BS,2019.5,-0.5418699649319365,-15.695422653580426,-0.04735778047943362,1.0,0.2046803777786238,-0.17075687712333742,-0.3461631589901923,-0.3136363636363635,0.10053129490259094,-14.964966062387052,0.4712622435785424,1.197197961569258,3.827197961569258,-0.07613537176407503,4.0,0.523333333333333,3065.67931175289,116.825080743452,1.62,4.25,0.346666666666667
1,BS,2019.75,-0.47095714776500486,-0.7840148285969278,-1.1440223969084322,1.0,0.3239931949455582,-0.11651072662307271,-0.3119170084899277,-0.3136363636363635,0.1714441120695226,-0.05355823740355438,-0.6254023728504562,1.3165107787361925,3.8814441120695227,-0.04188922126381045,4.0,0.54,3062.38226351606,116.094453916398,1.68506666666667,4.25,0.326666666666667
1,BS,2020.0,-0.43033065053875535,-6.7300767609068775,-0.08980620329569722,1.0,0.5328863588384679,0.054115770603176294,-0.09129051126367815,-0.3136363636363635,0.2120706092957721,-5.999620169713504,0.4288138207622788,1.5254039426291022,4.052070609295772,0.1787372759624391,4.0,0.41,2873.75725429963,116.59228297993,1.72333333333333,4.25,0.376666666666667
1,BS,2020.25,-0.15283879454174243,-21.57655665531183,-1.2282102433861493,1.0,0.8254115481688179,0.3607742932668563,0.28203467806666777,-0.3136363636363635,0.489562465292785,-20.846100064118456,-0.7095902193281731,1.8179291319594522,4.358729131959452,0.552062465292785,4.0,0.380833333333333,2267.72918719002,115.764955543413,1.7092,4.25,0.443333333333333
1,BS,2020.5,0.046364503671097235,-2.1947683661644355,-0.3608376399974561,1.0,0.9412481797149933,0.4391442581463627,0.37540464294617343,-0.3136363636363635,0.6887657635056247,-1.464311774971062,0.15778238406051992,1.9337657635056276,4.437099096838958,0.6454324301722907,4.0,0.501666666666667,2232.76946099958,115.947612250176,1.74666666666667,4.25,0.458333333333333
1,BS,2020.75,-0.2679644054741909,5.526624013942148,0.17329323967272048,1.0,0.868585937236365,0.10981534900107448,0.06440906713421923,-0.3136363636363635,0.3744368543603365,6.2570806051355214,0.6919132637306965,1.8611035210269993,4.10777018769367,0.3344368543603365,4.0,0.516666666666667,2380.30353998469,116.749869158314,2.00333333333333,4.25,0.476666666666667
1,BS,2021.0,-0.3928477347489828,6.59792640191212,0.5397271138034704,1.0,1.1317359412949135,-0.04756798027371767,-0.18547426214057267,-0.3136363636363635,0.24955352508554463,7.328382993105493,1.0583471378614464,2.124253525085548,3.9503868584188777,0.08455352508554459,4.0,0.549166666666667,2558.75632614075,117.985488057008,2.42386666666667,4.25,0.384166666666667
1,BS,2021.25,-0.80455143959772,16.017154509329565,0.15527124267546333,1.0,0.91199890311284,-0.3934383517891211,-0.5155113003226428,-0.3136363636363635,-0.16215017976319251,16.74761110052294,0.6738912667334394,1.9045164869034743,3.6045164869034743,-0.2454835130965255,4.0,0.483333333333333,2997.58816092156,118.780581957037,2.55,4.25,0.4
1,BS,2021.5,-1.0435912951127797,0.3455867799721154,0.7899884487294503,1.0,0.6812257142644434,-0.6811448739708474,-0.7795511558377024,-0.3136363636363635,-0.40119003527825225,1.0760433711654889,1.3086084727874263,1.6737432980550777,3.316809964721748,-0.5095233686115852,4.0,0.532,3038.50466070877,120.334954716553,2.60693333333333,4.25,0.423666666666667
1,BS,2021.75,-1.1136616215007697,-4.270473987598075,0.41890787855801304,1.0,0.7662220545431203,-0.7425485336921707,-0.8479548155590255,-0.3136363636363635,-0.4712603616662423,-3.5400173964047017,0.9375279026159891,1.7587396383337546,3.2554063050004247,-0.5779270283329083,4.0,0.523333333333333,2932.72413281728,121.463128493621,2.75333333333333,4.25,0.416666666666667
1,BS,2022.0,-1.141021918869956,6.586957039644246,0.6225016366135515,1.0,0.8288617571739402,-0.7632421643946907,-0.8153151129282128,-0.3136363636363635,-0.4986206590354285,7.31741363083762,1.1411216606715275,1.8213793409645744,3.2347126742979047,-0.5452873257020956,4.0,0.516666666666667,3147.96856985635,122.849170562591,2.83666666666667,4.25,0.47
1,BS,2022.25,-1.545332402964785,2.1507410616074467,1.6125131790547798,1.0,0.514551273079111,-1.12755264848952,-1.1496255970230418,-0.3136363636363635,-0.9029311431302576,2.8811976528008203,2.1311332031127557,1.5070688568697452,2.8704021902030754,-0.8795978097969246,4.0,0.476666666666667,3250.34798484252,125.467250026199,2.88666666666667,4.25,0.5
1,BS,2022.5,-1.7990868844482641,-2.298553423352643,1.765006374663367,1.0,0.257463458262292,-1.3713071299729993,-1.5600467451731879,-0.3136363636363635,-1.1566856246137367,-1.5680968321592694,2.283626398721343,1.2499810420529263,2.626647708719596,-1.2900189579470707,4.0,0.466666666666667,3207.07188604867,128.332453269547,2.87333333333333,4.25,0.333333333333333
1,BS,2022.75,-1.5009094187295102,2.0753846390993482,-0.20046865098367112,1.0,0.3923075906477128,-1.2164629975875783,-1.4385359461211,-0.3136363636363635,-0.8585081588949829,2.805841230292722,0.3181513730743049,1.384825174438347,2.781491841105017,-1.1685081588949828,4.0,0.61,3292.03348475335,128.740744731724,2.85333333333333,4.25,0.3
1,BS,2023.0,-1.1288621866697683,,-0.785687291625417,1.0,0.7810214893741251,-0.8644157655278359,-1.106488714061358,-0.3136363636363635,-0.4864609268352408,,-0.26706726756744087,1.7735390731647593,3.1335390731647594,-0.8364609268352408,4.0,0.63,,128.396920342523,2.89,4.25,0.28
1,BS,2023.25,-1.031211382404817,,0.6752432953283068,1.0,1.0353389603057432,-0.6300982945962179,-0.8596712431297397,-0.3136363636363635,-0.3888101225702895,,1.1938633193862829,2.0278565440963776,3.3678565440963775,-0.5896434559036225,4.0,0.493333333333333,,129.929804077714,2.91,4.25,0.2925
1,BS,2023.5,-0.6790781439901268,,0.47647342100460643,1.0,1.3574721987204335,-0.3079650561815277,-0.5467046713817165,-0.3136363636363635,-0.03667688415559933,,0.9950934450625825,2.349989782511068,3.6899897825110677,-0.2766768841555993,4.0,0.523333333333333,,131.222727041274,2.91,4.25,0.283333333333333
2,BZ,2010.0,,,,2.0,,,,6.49090909090909,,,,,,,18.0,8.05,,100.028148838265,3.22,13.9233333333333,5.23666666666667
2,BZ,2010.25,,,-0.13232667194845404,2.0,,,,6.49090909090909,,,0.24512700460193876,,,,18.0,7.78666666666667,,100.273344843271,3.22,13.8833333333333,4.98
2,BZ,2010.5,,,-0.8190949963339147,2.0,,,,6.49090909090909,,,-0.4416413197835219,,,,18.0,7.69666666666667,,99.8304963197141,3.04413333333333,13.8966666666667,5.24666666666667
2,BZ,2010.75,,,-0.33987630248259604,2.0,,,,6.49090909090909,,,0.037577374067796765,,,,18.0,7.51,,99.8680099987499,2.67,13.83,5.05666666666667
2,BZ,2011.0,4.481430074676028,0.0,0.6416869163379986,2.0,1.7526778036463706,3.7521440661755054,2.3274755335540376,-0.5090909090909097,6.974949087056349,0.0,1.0191405928883914,2.454949087056349,13.42494908705635,4.654949087056349,11.0,7.19,0.0,100.885805427957,2.67,13.64,4.87
2,BZ,2011.25,4.00049719059708,,-0.07526180229934265,2.0,1.5084115862340925,3.554544515429928,2.2265426494750895,-0.5090909090909097,6.494016202977401,,0.30219187425105015,2.210682869644071,13.227349536310772,4.554016202977401,11.0,6.72333333333333,,101.190674134233,2.44,13.4566666666667,4.78333333333333
2,BZ,2011.5,3.233136474693418,,0.49034786728072816,2.0,1.0890158703304316,3.0171837995262667,1.7825152669047681,-0.5090909090909097,5.72665548707374,,0.867801543831121,1.79128715374041,12.68998882040711,4.10998882040708,11.0,6.28333333333333,,102.068808366583,2.347965,13.2466666666667,4.66666666666667
2,BZ,2011.75,2.478393094730759,,-0.1875694492985981,2.0,0.9426641570344322,2.842440419563566,0.504438553608769,-0.5090909090909097,4.971912107111081,,0.1898842272517947,1.6449354404444105,12.51524544044441,2.8319121071110804,11.0,5.56666666666667,,102.262620934615,2.23969,13.11,3.42666666666667
2,BZ,2012.0,2.0432232808754094,,0.035699505092720574,2.0,1.0349176765124222,2.7106039390415866,0.13260207308674898,-0.5090909090909097,4.536742293255731,,0.4131531816431134,1.7371889599224004,12.38340895992243,2.4600756265890604,11.0,4.98,,102.685122206638,2.18044666666667,12.8266666666667,2.90333333333333
2,BZ,2012.25,1.5653236940006199,,-0.043663454800189905,2.0,0.9869747563042935,2.4793710188333975,0.11136915287863092,-0.5090909090909097,4.058842706380942,,0.3337902217502029,1.689246039714272,12.152176039714242,2.4388427063809424,11.0,4.51,,103.027875103756,2.14040333333333,12.6033333333333,2.89
2,BZ,2012.5,1.459816591450891,,-0.46095705585367586,2.0,1.1096943204212346,2.3838639162836976,0.35919538366223147,-0.5090909090909097,3.9533356038312126,,-0.08350337930328305,1.8119656038312129,12.056668937164542,2.686668937164543,11.0,4.16666666666667,,102.94184334642,2.02529666666667,12.27,2.9
2,BZ,2012.75,1.310424555849211,,-0.28333464022523625,2.0,1.103288951486224,2.201138547348659,0.3664700147272213,-0.5090909090909097,3.8039435682295326,,0.09411903632515653,1.8055602348962025,11.873943568229503,2.6939435682295327,11.0,3.99333333333333,,103.038731217353,1.99495,12.0633333333333,2.88333333333333
2,BZ,2013.0,1.2510546781024123,,-0.4601543172534054,2.0,1.0396824070727555,1.981768669601891,0.4237668036470925,-0.5090909090909097,3.744573690482734,,-0.0827006407030126,1.741953690482734,11.654573690482735,2.751240357149404,11.0,3.81,,102.953517526464,1.80738,11.72,2.81666666666667
2,BZ,2013.25,1.1197141302581208,,-0.3449679300897044,2.0,1.0020885258951342,2.057094788424269,0.36575958913613116,-0.5090909090909097,3.6132331426384425,,0.032485746460688386,1.7043598093051127,11.729899809305113,2.6932331426384426,11.0,3.60333333333333,,102.98696274514,1.69446,11.72,2.68333333333333
2,BZ,2013.5,0.8931767435146956,,0.15185915778670483,2.0,0.5597411391517092,1.7572240683474742,0.18255553572603622,-0.5090909090909097,3.3866957558950173,,0.5293128343370976,1.2620124225616876,11.430029089228318,2.5100290892283477,11.0,3.53,,103.532085956644,1.40531666666667,11.5733333333333,2.65333333333333
2,BZ,2013.75,0.5932102647692621,,0.38319794142317815,2.0,0.05041466040626552,1.2805909229353691,-0.024077609686067536,-0.5090909090909097,3.086729277149584,,0.760651617973571,0.7526859438162439,10.953395943816213,2.303395943816244,11.0,3.39666666666667,,104.319604443595,1.06262333333333,11.2633333333333,2.61333333333333
2,BZ,2014.0,0.3099648475157495,,-0.040857427673834434,2.0,-0.39971289532195725,0.9762327688289769,-0.1790216456691902,-0.5090909090909097,2.803483859896071,,0.33659624887655837,0.3025583880880211,10.649037789709821,2.1484519078331212,11.0,3.21824547180805,,104.670740318995,0.71732,11.0637994016218,2.5632135197451
2,BZ,2014.25,0.1153875345255222,,-0.4129738986943149,2.0,-0.5593114031708046,0.7794348593583287,-0.4952336732631377,-0.5090909090909097,2.608906546905844,,-0.03552022214392211,0.14295988023917378,10.452239880239173,1.8322398802391737,11.0,3.00666666666667,,104.633561039514,0.54072,10.85,2.23
2,BZ,2014.5,0.08173782983417688,,-0.24687535678127429,2.0,-0.6003911078621428,0.8157851546670258,-0.3355500446211428,-0.5090909090909097,2.5752568422144986,,0.13057831976911852,0.10188017554783557,10.48859017554787,1.9919235088811686,11.0,2.87333333333333,,104.770189785434,0.399956666666667,10.7866666666667,2.29
2,BZ,2014.75,-0.0920538546808416,,-0.45496865385006635,2.0,-0.5663227923771657,0.8253268034853356,-0.11267506246950143,-0.5090909090909097,2.40146515769948,,-0.07751497729967356,0.1359484910328127,10.49813182436618,2.21479849103281,11.0,2.49,,104.688977196605,0.224483333333333,10.5866666666667,2.30333333333333
2,BZ,2015.0,0.4653236415836228,,-1.403700746065014,2.0,-0.31009529611270376,1.0893709664164302,0.26803576712829313,-0.5090909090909097,2.9588426539639445,,-1.026247069514621,0.3921759872972746,10.762175987297274,2.5955093206306046,11.0,2.70666666666667,,103.61460963602,0.14,10.51,2.34333333333333
2,BZ,2015.25,0.3682883257569505,,-0.27816596872098526,2.0,-0.4012072786060362,0.905668983923098,0.26100045130163085,-0.5090909090909097,2.861807338137272,,0.09928770782940755,0.30106400480394213,10.578474004803942,2.5884740048039423,11.0,2.64333333333333,,103.717486206904,0.08259,10.36,2.37
2,BZ,2015.5,0.2628182684896738,,-0.13166179437880882,2.0,-0.35593400253998564,0.8035322599891828,0.242197060701014,-0.5090909090909097,2.7563372808699955,,0.245791882171584,0.3463372808699927,10.476337280870027,2.5696706142033254,11.0,2.56666666666667,,103.972415368393,0.156666666666667,10.2866666666667,2.38
2,BZ,2015.75,0.19169848992059135,,-0.4942705450232946,2.0,-0.44475186308001224,0.6511441066612882,0.26174016559184166,-0.5090909090909097,2.685217502300913,,-0.11681686847290176,0.2575194203299661,10.323949127542132,2.589213719094153,11.0,2.48572141530428,,103.850958048684,0.0580233333333333,10.1244530405455,2.38971763209752
2,BZ,2016.0,-0.16597539678790918,,-0.36922419378145394,2.0,-0.7213943344842355,0.25473859471156857,7.006209010107511e-05,-0.5090909090909097,2.3275436155924125,,0.008229482768938881,-0.019123051074257165,9.927543615592413,2.3275436155924125,11.0,2.38666666666667,,103.859504445382,0.04,9.98666666666667,2.38666666666667
2,BZ,2016.25,-0.3555284573244877,,0.1733796067586501,2.0,-0.8442807283541444,0.03851886750831923,-0.15614966511314732,-0.5090909090909097,2.137990555055834,,0.5508332833090429,-0.142009444944166,9.711323888389163,2.171323888389164,11.0,2.31,,104.431597163747,0.03,9.88333333333333,2.34333333333333
2,BZ,2016.5,-0.37826447866762747,,-0.13405104233956971,2.0,-0.8446734163639541,-0.0342171538348186,-0.2122190197896172,-0.5090909090909097,2.1152545337126942,,0.2434026342108231,-0.14240213295397577,9.638587867046025,2.1152545337126942,11.0,2.28666666666667,,104.685786422192,0.02901,9.81,2.28666666666667
2,BZ,2016.75,-0.5454174899379391,,-0.14146272964220802,2.0,-0.9188820368758924,-0.24877866906318147,-0.2205114885028987,-0.5090909090909097,1.9481015224423825,,0.23599094690818478,-0.2166107534659141,9.424026351817663,2.1069620649994127,11.0,2.20771560924163,,104.932835400848,0.0430033333333333,9.68364043861691,2.36657615179866
2,BZ,2017.0,-0.7600596188854669,,0.3960109886752962,2.0,-0.9898608324900803,-0.543727903294279,-0.4050631025824165,-0.5090909090909097,1.7334593934948548,,0.773464665225689,-0.2875895490801019,9.129077117586565,1.922410450919895,11.0,2.18438227590829,,105.744453804893,0.163333333333333,9.58,2.37333333333333
2,BZ,2017.25,-0.6537983975662982,,-0.4558610488178625,2.0,-0.5825506685959522,-0.4730844060668211,-0.2444196053549481,-0.5090909090909097,1.8397206148140235,,-0.07840737226746969,0.11972061481402618,9.199720614814023,2.0830539481473633,11.0,2.13333333333333,,105.661542357346,0.413333333333333,9.49333333333333,2.37666666666667
2,BZ,2017.5,-0.5752247547903049,,-0.6483456134435445,2.0,0.0110229741800415,-0.39451076329082824,-0.7958459625789545,-0.5090909090909097,1.9182942575900168,,-0.27089193689315166,0.7132942575900199,9.278294257590016,1.531627590923357,11.0,2.08333333333333,,105.375313758703,0.878333333333333,9.44333333333333,1.69666666666667
2,BZ,2017.75,-0.6532028752367494,,0.1437830854769308,2.0,0.2313781870669237,-0.5758222170706109,-0.11382408302540892,-0.5090909090909097,1.8403161371435723,,0.5212367620273236,0.933649470476902,9.096982803810233,2.2136494704769025,11.0,2.07666666666667,,105.924568632115,1.17,9.33333333333333,2.45
2,BZ,2018.0,-0.4153403691524229,,-0.6354390356620098,2.0,0.5025740264845803,-0.4412930443196146,0.17403842305891715,-0.5090909090909097,2.078178643227899,,-0.25798535911161696,1.2048453098945586,9.23151197656123,2.5015119765612286,11.0,2.05666666666667,,105.651298753342,1.18333333333333,9.21,2.48
2,BZ,2018.25,-0.5366499125853486,,-0.2372895417528401,2.0,0.4612644830516649,-0.49593592108587004,0.2727288796259919,-0.5090909090909097,1.9568690997949731,,0.14016413479755271,1.1635357664616433,9.176869099794974,2.6002024331283033,11.0,1.99,,105.799383982142,1.19666666666667,9.21,2.63333333333333
2,BZ,2018.5,-0.7143640452094884,,0.04917758371969427,2.0,0.300217017094185,-0.8003167203766814,0.17501474700185193,-0.5090909090909097,1.7791549671708333,,0.4266312602700871,1.0024883005041634,8.872488300504163,2.5024883005041634,11.0,1.98666666666667,,106.250757227383,1.21,9.08,2.71
2,BZ,2018.75,-0.5826621947966941,,-0.4763576495076062,2.0,0.46858553417364923,-0.7652815366305461,0.3400499307479863,-0.5090909090909097,1.9108568175836276,,-0.0989039729572134,1.1708568175836276,8.907523484250298,2.6675234842502977,11.0,1.96333333333333,,106.145671007188,1.22333333333333,8.96,2.72
2,BZ,2019.0,-0.6452220870854821,,-0.5185327998401776,2.0,0.4426923085515312,-0.641174762252664,-0.44584329487414176,-0.5090909090909097,1.8482969252948396,,-0.14107912328978486,1.1449635919615095,9.03163025862818,1.8816302586281697,11.0,1.93,,105.995921625121,1.22666666666667,9.11333333333334,1.96333333333333
2,BZ,2019.25,-0.6919211970429646,,-0.19715976858958986,2.0,0.4159931985940487,-0.5945405388768172,0.24412426183504543,-0.5090909090909097,1.801597815337357,,0.18029390796080294,1.118264482004027,9.078264482004027,2.571597815337357,11.0,1.89333333333333,,106.187025814498,1.21,9.17,2.66333333333333
2,BZ,2019.5,-0.5700309458487718,,-0.3050500877237164,2.0,0.5345501164549015,-0.6059836210159641,0.33601451302923824,-0.5090909090909097,1.92348806653155,,0.07240358882667641,1.2368213998648798,9.06682139986488,2.6634880665315497,11.0,1.92666666666667,,106.263909032056,1.24,9.07,2.66666666666667
2,BZ,2019.75,-0.45144154621709953,,-0.44404858136765596,2.0,0.5364728494199139,-0.770727554717622,0.30793724599425065,-0.5090909090909097,2.042077466163222,,-0.06659490481726314,1.2387441328298923,8.902077466163222,2.635410799496562,11.0,2.05333333333333,,106.193142682981,1.25,8.91333333333333,2.64666666666667
2,BZ,2020.0,-0.4662680013605285,,-0.2858936459331033,2.0,0.4883130609431453,-0.7788873431943912,0.2431107908508121,-0.5090909090909097,2.027251011019793,,0.09156003061728948,1.1905843443531237,8.893917677686453,2.5705843443531236,11.0,2.09666666666667,,106.290373156935,1.26,8.96333333333333,2.64
2,BZ,2020.25,-0.3386950033891245,,-0.4274517604752045,2.0,0.545886058914549,-0.9146476785563173,0.32735045548888575,-0.5090909090909097,2.154824008991197,,-0.04999808392481172,1.2481573423245274,8.758157342324527,2.654824008991197,11.0,2.16666666666667,,106.23723000696,1.26,8.77,2.66666666666667
2,BZ,2020.5,-0.3257506850946945,,-0.1834940275681169,2.0,0.5354970438756491,-1.001703360261887,0.2902947737833159,-0.5090909090909097,2.167768327285627,,0.1939596489822759,1.2377683272856275,8.671101660618957,2.6177683272856274,11.0,2.21,,106.44328736537,1.28,8.71333333333333,2.66
2,BZ,2020.75,-0.2450152789020641,,-0.6203235394714969,2.0,0.5795657834016094,-1.1809679540692564,0.33103017997594586,-0.5090909090909097,2.2485037334782576,,-0.24286986292110407,1.2818370668115877,8.491837066811588,2.6585037334782573,11.0,2.24666666666667,,106.184768699257,1.28,8.49,2.65666666666667
2,BZ,2021.0,-0.5176347638745455,,1.0045842939568221,2.0,0.24694629842912785,-1.4569207723750672,0.005077361670124958,-0.5090909090909097,1.9758842485057762,,1.382037970507215,0.9492175818391062,8.215884248505777,2.3325509151724364,11.0,2.29666666666667,,107.652282521576,1.27,8.53666666666667,2.65333333333333
2,BZ,2021.25,-0.8871727008241928,,1.010699987323385,2.0,-0.11259163852051957,-1.956458709324715,-0.35112724194618283,-0.5090909090909097,1.606346311556129,,1.388153663873778,0.5896796448894588,7.716346311556129,1.9763463115561286,11.0,2.28666666666667,,109.146661625643,1.27,8.39666666666667,2.65666666666667
2,BZ,2021.5,-1.2920896540652806,,0.7161737853962344,2.0,-0.3375085917616073,-2.154708995899143,-0.5860441951872704,-0.5090909090909097,1.201429358315041,,1.0936274619466273,0.36476269164837105,7.518096024981701,1.741429358315041,11.0,2.10666666666667,,110.340319490979,1.27,8.42333333333333,2.64666666666667
2,BZ,2021.75,-1.5573866095248585,,0.9208642823668147,2.0,-0.7328055472211853,-2.5666726180253807,-0.9680078173135185,-0.5090909090909097,0.9361324028554632,,1.2983179589172076,-0.03053426381120694,7.106132402855463,1.359465736188793,11.0,2.22666666666667,,111.772887674857,1.26,8.39666666666667,2.65
2,BZ,2022.0,-1.4208594542847564,,0.5384756729964133,2.0,-0.7696117253144131,-2.2934787961186194,-0.848147328740086,-0.5090909090909097,1.0726595580955653,,0.9159293495468062,-0.06734044190443478,7.379326224762225,1.4793262247622254,11.0,2.24666666666667,,112.796648357907,1.10666666666667,8.55333333333333,2.65333333333333
2,BZ,2022.25,-1.789837165402687,,2.5532774984617475,2.0,-1.4185894364323408,-2.9524565072365405,-1.2404583731913368,-0.5090909090909097,0.7036818469776347,,2.93073117501214,-0.7163181530223623,6.7203485136443035,1.0870151803109747,11.0,2.26333333333333,,116.102414895701,0.843333333333333,8.28,2.64666666666667
2,BZ,2022.5,-2.049388521057847,,1.5677125413502357,2.0,-1.5048074587541738,-2.75200786289171,-1.4466763955131767,-0.5090909090909097,0.4441304913224744,,1.9451662179006286,-0.8025361753441955,6.920797157989134,0.8807971579891347,11.0,2.21666666666667,,118.360799848419,0.97,8.69333333333333,2.65333333333333
2,BZ,2022.75,-1.9563491871701228,,0.33353790105023734,2.0,-1.5813091967583626,-2.7312102039994155,-1.3053979957829727,-0.5090909090909097,0.5371698252101988,,0.7109915776006301,-0.8790379133483843,6.9415948168814285,1.0220755577193388,11.0,2.16287440522525,,119.202335166522,0.746666666666667,8.56729939689648,2.64778013773439
2,BZ,2023.0,-1.907337225049727,,0.22426353694714934,2.0,-1.549422829412714,-2.8032899002169103,-1.224625099505047,-0.5090909090909097,0.5861817873305948,,0.6017172134975421,-0.8471515460027355,6.869515120663934,1.1028484539972645,11.0,2.13333333333333,,119.91959613611,0.7,8.41666666666667,2.65
2,BZ,2023.25,-1.3976046429091467,,0.08768050323278559,2.0,-0.9796902472721403,-2.156890651409668,-0.6148925173644764,-0.5090909090909097,1.095914369471175,,0.4651341797831784,-0.2774189638621619,7.515914369471176,1.712581036137835,11.0,2.02666666666667,,120.477383165997,0.653333333333333,8.44666666666667,2.64333333333333
2,BZ,2023.5,-1.2860731964187129,,1.2682534220551407,2.0,-0.9548254674483664,-2.072025871585895,-0.5366944042073625,-0.5090909090909097,1.2074458159616088,,1.6457070986055335,-0.25255418403838803,7.600779149294949,1.790779149294949,11.0,2.06333333333333,,122.460088012974,0.603333333333333,8.45666666666667,2.64666666666667
3,DM,2010.0,,,,2.7,,,,,,,,,,,,3.23056010634359,,99.8385215557583,6.4,9.94944284645318,3.5041420695117
3,DM,2010.25,,,0.038499177902231896,2.7,,,,,,,0.35460992907830297,,,,,3.22623958039193,,100.19255886624,6.4,9.85140930496981,3.51683124549691
3,DM,2010.5,,,-0.29056466642524226,2.7,,,,,,,0.025546084750828833,,,,,3.25627818766449,,100.218154142242,6.4,9.01730078245398,3.49756720486192
3,DM,2010.75,,,-0.7824820493533649,2.7,,,,,,,-0.4663712981772938,,,,,3.32878221054108,,99.7507654357595,6.4,9.00190302015627,3.47659320673831
3,DM,2011.0,1.2872724806723543,0.0,-0.22909311337017357,2.7,3.1689457344531635,1.3235982345031996,1.2301449930890538,0.0,3.161411185058266,0.0,0.08701763780589751,6.399799411635566,8.875391737433185,3.423649699311806,0.0,3.1616117734227,0.0,99.837566195535,6.4,8.87559232579762,3.42385028767624
3,DM,2011.25,1.038036772028404,,1.2354692521676744,2.7,2.8697032158868034,0.9005586938016688,0.9451842321640731,,2.9121754764143155,,1.5515800033437455,6.100556893069206,8.452352196731654,3.1386889383868253,,3.21161858334511,,101.38662590845,6.4,8.75179530366245,3.43813204531762
3,DM,2011.5,0.9821154530057987,,-0.05268423071058109,2.7,2.810233106958138,0.9547584670976441,0.9271432398263881,,2.85625415739171,,0.26342652046549,6.041086784140541,8.50655197002763,3.1206479460491403,,3.21516737325117,,101.653705169298,6.4,8.86546518588709,3.4795611619086
3,DM,2011.75,0.8730396544492518,,-0.32267911138573707,2.7,2.6952823724662305,0.8430083510912372,0.837024093909831,,2.7471783588351633,,-0.006568360209666006,5.926136049648633,8.394801854021223,3.030528800132583,,3.22104230918653,,101.647028187776,6.4,8.86866580437259,3.50439275048395
3,DM,2012.0,0.6632858659623448,,0.16669543662649527,2.7,1.6630019016337338,0.6510716126814611,0.5790601761868643,,2.5374245703482563,,0.48280618780256634,4.893855578816137,8.202865115611447,2.7725648824096165,,3.11023565819879,,102.137786329584,5.46666666666667,8.77567620346198,3.34537597026015
3,DM,2012.25,0.9751076713489086,,-0.002323734114821785,2.7,1.1724501482043572,1.3001566889878937,0.793326366043158,,2.84924637573482,,0.3137870170612493,4.40330382538676,8.85195019191788,2.98683107226591,,3.11260921701473,,102.4582814426,4.66666666666667,9.11531303319779,3.25019391354582
3,DM,2012.5,1.0299231606280934,,-0.36172821614807904,2.7,0.4163778112303915,1.3995875790426382,0.9192949778719823,,2.904061865014005,,-0.04561746497200799,3.6472314884127943,8.951381081972624,3.1127996840947345,,3.09016370993454,,102.411542571952,3.83333333333333,9.13748292689316,3.29890152901527
3,DM,2012.75,0.872505769240081,,0.2641474311167104,2.7,-0.14699549106188003,1.2588533298087476,0.7453839842801804,,2.7466444736259925,,0.5802581822927815,3.0838581861205228,8.810646832738733,2.9388886905029326,,3.07945295417214,,103.005793927338,3.41666666666667,9.14345531328488,3.27169717104908
3,DM,2013.0,1.1064365563841918,,-0.8022713786474276,2.7,-0.15808712057673935,1.4377679320905887,1.0151695631849211,,2.9805752607701033,,-0.4861606274713565,3.0727665566056634,8.989561435020574,3.2086742694076733,,3.07114203749777,,102.505020313249,3.16333333333333,9.08012821174824,3.29924104613534
3,DM,2013.25,1.3434851581971168,,-1.074969531790802,2.7,-0.1465923378244045,1.693686472430894,1.2819252469336564,,3.2176238625830282,,-0.7588587806147308,3.0842613393579983,9.24547997536088,3.4754299531564086,,3.0400291898917,,101.727151966031,2.90666666666667,9.06788530266955,3.29783528046508
3,DM,2013.5,1.0445869559644028,,0.7603225788749366,2.7,-0.6737717032468282,1.4116151164168276,0.9928997775402224,,2.918725660350314,,1.0764333300510076,2.5570819739355746,8.963408619346813,3.1864044837629746,,3.02164368641474,,102.822176935505,2.66,9.06632664541124,3.2893225098274
3,DM,2013.75,1.2498313285042981,,-0.3680604898034695,2.7,-0.6760530563501135,1.584840368784274,1.1652770847636273,,3.1239700328902096,,-0.051949738627398455,2.5548006208322893,9.13663387171426,3.3587817909863795,,3.06883607872459,,102.768761083336,2.49966666666667,9.08149991754864,3.30364783682076
3,DM,2014.0,1.06432288140659,,-0.5565031755662755,2.7,-0.9044951071204013,1.4779237581508262,1.1057678374167392,,2.9384615857925014,,-0.24039242439020436,2.3263585700620015,9.029717261080812,3.2992725436394914,,2.94476968239717,,102.521712767052,2.33266666666667,9.03602535768548,3.30558064024416
3,DM,2014.25,0.7735830460182818,,0.43981024918207107,2.7,-1.6158567190302895,1.0518541749671577,0.8137259298382413,,2.647721750404193,,0.7559210003581421,1.6149969581521133,8.603647677897143,3.0072306360609935,,3.03272479225208,,103.296695923785,2.0,8.98865071974503,3.39223367790888
3,DM,2014.5,0.5252471109887675,,0.2167210788256349,2.7,-1.7332896773512942,1.0719001301210227,0.3818712314522066,,2.399385815374679,,0.532831830001706,1.4975639998311085,8.623693633051008,2.5753759376749588,,2.64848848221024,,103.847093599007,1.74666666666667,8.87279629988657,2.82447860451052
3,DM,2014.75,0.8363175786332777,,-0.7147476700979507,2.7,-1.5732845489443439,1.1348358158319822,0.6952744398871169,,2.710456283019189,,-0.3986369189218796,1.657569128238059,8.686629318761968,2.888779146109869,,2.87288715478113,,103.433120744694,1.82,8.84906019052391,3.05121001787181
3,DM,2015.0,1.208420756202704,,-2.0364645049685026,2.7,-0.37162754992711733,1.4537659576586304,1.1630547543658634,,3.0825594605886155,,-1.7203537537924314,2.8592261272552855,9.005559460588616,3.3565594605886155,,2.875,,101.653705169298,2.65166666666667,8.798,3.149
3,DM,2015.25,0.7416174447084904,,0.7216901618256066,2.7,-1.433764194754671,1.3319626461644152,0.5055847762049797,,2.615756149094402,,1.0378009130016776,1.7970894824277317,8.8837561490944,2.699089482427732,,2.47866666666667,,102.708668249645,1.66,8.74666666666667,2.562
3,DM,2015.5,0.7132235819585182,,-0.3843701368411573,2.7,-0.29015805750464274,1.3555687834144443,0.45385758012167754,,2.5873622863444297,,-0.06825938566508621,2.94069561967776,8.90736228634443,2.6473622863444297,,2.3,,102.638559943673,2.65333333333333,8.62,2.36
3,DM,2015.75,0.4700696866022962,,-0.3421320886730629,2.7,2.963354713805805,1.1524148880582228,0.2707036847654556,,2.3442083909882077,,-0.026021337496991804,6.194208390988208,8.704208390988208,2.4642083909882078,,2.15,,102.611852017588,6.0,8.51,2.27
3,DM,2016.0,0.24002289313079284,,-1.396277331082487,2.7,2.803307920334301,0.9923680945867179,0.10065689129395183,,2.1141615975167043,,-1.080166579906416,6.034161597516704,8.544161597516704,2.294161597516704,,2.08,,101.503473085071,6.0,8.51,2.26
3,DM,2016.25,0.1226621754529924,,0.631133032536807,2.7,-0.17405279734349888,0.7350073769089196,0.05329617361615169,,1.9968008798389039,,0.947243783712878,3.056800879838904,8.286800879838905,2.246800879838904,,1.94,,102.464958424122,3.0,8.23,2.19
3,DM,2016.5,-0.12916612723836396,,0.30294307392426917,2.7,-0.6158811000348554,0.5331790742175606,-0.13853212907520485,,1.7449725771475475,,0.6190538251003402,2.6149725771475474,8.084972577147546,2.0549725771475473,,1.86,,103.099271668634,2.73,8.2,2.17
3,DM,2016.75,-0.2621477261033147,,-0.2902056932132603,2.7,-1.368862698899806,0.4901974753526108,-0.1615137279401555,,1.6119909782825967,,0.02590505796281078,1.8619909782825967,8.041990978282596,2.0319909782825967,,1.74,,103.125979594719,1.99,8.17,2.16
3,DM,2017.0,-0.08800678771967552,,-1.2128410846170437,2.7,-1.4147217605161668,0.41433841373625047,-0.2173727895565163,,1.786131916666236,,-0.8967303334409726,1.816131916666236,7.966131916666236,1.9761319166662359,,1.96,,102.201217654035,1.99,8.14,2.15
3,DM,2017.25,-0.22450946672190653,,0.1771437485457304,2.7,-1.4412244395183977,0.48783573473401987,-0.09387546855874707,,1.649629237664005,,0.49325449972180146,1.789629237664005,8.039629237664006,2.099629237664005,,1.71,,102.705329758884,1.85,8.1,2.16
3,DM,2017.5,-0.08818834564386258,,-0.20234141038790615,2.7,-1.3149033184403538,0.5741568558120633,0.022445652519296644,,1.7859503587420489,,0.11376934078816492,1.915950358742049,8.125950358742049,2.215950358742049,,1.72,,102.822176935505,1.85,8.06,2.15
3,DM,2017.75,-0.3803227503308748,,0.5183319255347882,2.7,-1.517037723127366,0.3120224511250509,-0.1696887521677155,,1.4938159540550366,,0.8344426767108594,1.7138159540550368,7.8638159540550365,2.0238159540550367,,1.63,,103.680169060978,1.85,8.0,2.16
3,DM,2018.0,-0.3924393883021535,,-1.217707866065249,2.7,-1.5158210277653148,0.28990581315377284,-0.16847205680566413,,1.481699316083758,,-0.9015971148891778,1.715032649417088,7.8416993160837585,2.025032649417088,,1.61666666666667,,102.745391648012,1.85,7.97666666666667,2.16
3,DM,2018.25,-0.37612818950460714,,0.018565620022185092,2.7,-1.4761764956344283,0.23288367861798864,-0.13549419134144758,,1.4980105148813043,,0.33467637119825616,1.7546771815479745,7.784677181547974,2.0580105148813046,,1.59333333333333,,103.089256196353,1.85,7.88,2.15333333333333
3,DM,2018.5,-0.6074567952057914,,0.8659223457501919,2.7,,-0.1724285937498653,-0.4158424637093021,,1.26668190918012,,1.182033096926263,,7.37936490918012,1.77766224251345,,1.62907066666667,,104.307805323969,,7.74175366666667,2.140051
3,DM,2018.75,-0.5742634439131913,,0.6696785203643871,2.7,,-0.30155957579060555,-0.454777779083372,,1.2998752604727202,,0.9857892715404581,,7.25023392713938,1.7387269271393802,,1.70010066666667,,105.336060478232,,7.65045933333333,2.13895233333333
3,DM,2019.0,-0.603228172263619,,-0.9468156193302182,2.7,,-0.423648637474364,-0.5261745074337898,,1.2709105321222924,,-0.6307048681541472,,7.128144865455622,1.6673301987889624,,1.738859,,104.671700816874,,7.59609333333333,2.13527866666667
3,DM,2019.25,-0.6568544873674378,,0.3649055471041401,2.7,,-0.5581956192448514,-0.6157408225376182,,1.2172842170184737,,0.6810162982802112,,6.993597883685134,1.577763883685134,,1.77181766666667,,105.384532159124,,7.54813133333333,2.13229733333333
3,DM,2019.5,-0.5245737606376168,,0.3728501054975483,2.7,,-0.4550978925150204,-0.5032734291411176,,1.3495649437482946,,0.6889608566736194,,7.096695610414965,1.6902312770816346,,1.78083033333333,,106.110590334689,,7.527961,2.12149666666667
3,DM,2019.75,-0.14885138830168,,-0.8320936356460005,2.7,,-0.11995885351242475,-0.14622439013852073,,1.7252873160842315,,-0.5159828844699293,,7.431834649417561,2.0472803160842314,,1.78110966666667,,105.563077849952,,7.487657,2.10310266666667
3,DM,2020.0,-0.0067444845307025325,,-1.4008672344141282,2.7,,-0.11967728307477721,-0.02507381970088307,,1.867394219855209,,-1.0847564832380572,,7.432116219855208,2.168430886521869,,1.80970366666667,,104.417975519069,,7.37442566666667,2.11074033333333
3,DM,2020.25,0.15245206877259032,,-0.25216599944239104,2.7,,-0.3378893964381433,0.13762340026908992,,2.026590773158502,,0.06394475173368001,,7.213904106491842,2.331128106491842,,1.81463233333333,,104.48474533428,,7.00194566666667,2.11916966666667
3,DM,2020.5,0.1420824574835955,,0.3900272173202079,2.7,,-0.660790341060479,0.13072045564675472,,2.016221161869507,,0.706137968496279,,6.891003161869507,2.324225161869507,,1.808557,,105.222551792372,,6.683339,2.116561
3,DM,2020.75,0.18720823163875733,,-0.9665327322666482,2.7,,-0.773915566905317,0.16459822980191685,,2.061346936024669,,-0.6504219810905771,,6.777877936024669,2.358102936024669,,1.820073,,104.53816118645,,6.536604,2.116829
3,DM,2021.0,-0.20695983810564833,,0.03518104456349519,2.7,,-1.2048496366497226,-0.19335483994248914,,1.6671788662802631,,0.35129179573956626,,6.346943866280263,2.000149866280263,,1.784917,,104.905395170115,,6.464682,2.117888
3,DM,2021.25,-0.24534564256636404,,-0.16653878159952853,2.7,,-1.2192384411104378,-0.2132496444032046,,1.6287930618195474,,0.14957196957654253,,6.332555061819548,1.9802550618195476,,1.767938,,105.062304235863,,6.4717,2.1194
3,DM,2021.5,-0.6463211332830445,,1.2282171801869297,2.7,,-1.5717749318271181,-0.5810781351198853,,1.227817571102867,,1.5443279313630007,,5.9800185711028675,1.612426571102867,,1.57651,,106.684810745511,,6.328711,1.961119
3,DM,2021.75,-1.1433874495596177,,1.1233685328396446,2.7,,-2.496389248103692,-1.0003974513964586,,0.7307512548262938,,1.4394792840157156,,5.055404254826294,1.1931072548262935,,1.601919,,108.220516495384,,5.926572,2.064275
3,DM,2022.0,-1.3480434966760306,,0.9641212330291464,2.7,,-2.085964295220104,-1.2331934985128712,,0.5260952077098808,,1.2802319842052174,,5.465829207709882,0.960311207709881,,1.629498,,109.60599016103,,6.569232,2.063714
3,DM,2022.25,-2.2101778280002855,,3.1775385436974912,2.7,,-2.2425156265443595,-2.1566808298371263,,-0.33603912361437405,,3.4936492948735625,,5.309277876385626,0.0368238763856259,,1.603383,,113.43523906343,,7.2487,1.976246
3,DM,2022.5,-2.5503811555368765,,2.7152624903332923,2.7,,-3.6830319540809504,-2.4907201573737168,,-0.6762424511509648,,3.0313732415093635,,3.8687615488490352,-0.2972154511509646,,1.634941,,116.873884546841,,6.179945,2.013968
3,DM,2022.75,-2.4734762248437736,,0.6608088100672334,2.7,,-3.597247023387848,-2.3449892266806143,,-0.5993375204578619,,0.9769195612433044,,3.9545464795421377,-0.1514845204578621,,1.596206,,118.015648386964,,6.15009,2.044059
3,DM,2023.0,-2.0239065314799087,,-0.6697175404263124,2.7,,-3.3380533300239836,-1.9238165333167494,,-0.14976782709399727,,-0.3536067892502413,,4.213740172906002,0.2696881729060028,,1.637316,,117.59833704189,,6.000824,2.056772
3,DM,2023.25,-1.238603680437088,,-0.07480486047379173,2.7,,-2.563802478981162,-1.1170846822739287,,0.6355350239488237,,0.24130589070227934,,4.987991023948823,1.0764200239488235,,1.609533,,117.88210875654,,5.961989,2.050418
3,DM,2023.5,-0.493372445109457,,-0.10937045097723172,2.7,,-1.9255952436535306,-0.40439344694629753,,1.3807662592764545,,0.20674030019883935,,5.626198259276455,1.7891112592764546,,1.648606,,118.125818582064,,5.894038,2.056951
4,TT,2010.0,,,,6.3729,,,,,,,,,,,,1.52,,93.3454370098061,1.31,9.62666666666667,0.41
4,TT,2010.25,,,5.498317246265779,6.3766,,,,,,,6.545604735597443,,,,,1.5,,99.4554603551841,1.14,9.5,0.363333333333333
4,TT,2010.5,,,3.770349598271589,6.3643,,,,,,,4.817637087603254,,,,,1.5,,104.246863498902,0.556666666666667,9.33333333333333,0.346666666666667
4,TT,2010.75,,,-2.289170764608942,6.4234,,,,,,,-1.241883275277277,,,,,1.5,,102.952239136108,0.376666666666667,8.67,0.33
4,TT,2011.0,-1.7044208011599413,,-0.5617828039695676,6.4231,-2.078603180123839,-1.5001718075748185,-1.5502480288284162,,-1.1517158083213794,,0.4855046853620972,-2.2250491416547122,5.558284191678622,-2.3583824749880464,,1.5,,103.452077080799,0.426666666666667,8.21,0.293333333333333
4,TT,2011.25,0.015426592454064192,,-1.3810723281902428,6.4206,0.1045775468234992,0.009675586039185724,0.17626603145225617,,0.568131585292626,,-0.33378483885857807,-0.04186841470737401,7.068131585292626,-0.6318684147073741,,1.5,,103.106769732019,0.89,8.0,0.3
4,TT,2011.5,0.5534519881649028,,1.6182480154282346,6.4003,0.30260294253433784,0.46436764841669387,0.6142914271630948,,1.1061569810034646,,2.6655355047598994,0.15615698100346465,7.522823647670134,-0.1938430189965354,,1.5,,105.855117287037,0.55,7.91666666666667,0.2
4,TT,2011.75,-0.26702019833379553,,0.9927179813858511,6.4156,-0.8145359106310276,-0.5227712047486746,-0.20618075933560354,,0.28568479450476625,,2.040005470717516,-0.9609818721619008,6.535684794504766,-1.0143152054952338,,1.5,,108.014567470727,0.253333333333333,7.75,0.2
4,TT,2012.0,-1.0890219213994152,,2.7262240882929127,6.4372,-1.76987096702998,-1.3447729278142937,-1.0281824824012231,,-0.5363169285608533,,3.7735115776245776,-1.9163169285608532,5.713683071439147,-1.8363169285608534,,1.5,41011.0413968178,112.090509679756,0.12,7.75,0.2
4,TT,2012.25,-1.8739987433591203,0.4036041953049914,1.7588349596485742,6.4385,-2.3715144556563525,-2.129749749773999,-1.813159304360928,,-1.3212937505205584,0.7638799863282967,2.806122448980239,-2.5179604171872256,4.928706249479442,-2.6212937505205582,,1.5,41642.2291327973,115.235906635056,0.303333333333333,7.75,0.2
4,TT,2012.5,-1.191072269981429,3.1966804730477585,-1.1134578780825286,6.4395,-1.4185879822786607,-1.4468232763963078,-1.1302328309832368,,-0.638367277142867,3.5569562640710637,-0.0661703887508637,-1.565033943809534,5.6116327228571325,-1.938367277142867,,1.5,42837.0044890809,115.159654587655,0.573333333333333,7.75,0.2
4,TT,2012.75,-1.053525793876318,1.8565769054385246,0.44253207696540753,6.4323,-1.39104150617355,-1.4759434669578662,-0.992686354878126,,-0.5008208010377562,2.21685269646183,1.4898195662970724,-1.5374874677044232,5.582512532295574,-1.8008208010377562,,1.5,43727.6717119761,116.875325654182,0.463333333333333,7.58333333333333,0.2
4,TT,2013.0,-0.6850948901731281,0.06357843692418946,1.2525004734801524,6.44150018692017,-1.229277269137026,-1.1908458965880069,-0.6242554511749361,,-0.1323898973345663,0.4238542279474947,2.299787962811817,-1.3757232306678993,5.8676101026654335,-1.4323898973345663,,1.5,43754.3977974898,119.563210325074,0.256666666666667,7.5,0.2
4,TT,2013.25,-0.5216701452749385,0.36464046054605975,1.1051359800558158,6.443,-1.1725191909055035,-1.0274211516898175,-0.4608307062767465,,0.03103484756362329,0.724916251569365,2.1524234693874806,-1.3189651524363768,6.031034847563623,-1.2689651524363768,,1.5,44000.7134962617,122.136716924864,0.15,7.5,0.2
4,TT,2013.5,-0.04266100217857549,1.0486259524074286,-3.02949445046798,6.4214,-0.7035100478091405,-0.5484120085934538,0.018178436819616506,,0.5100439906599863,1.4089017434307338,-1.9822069611363151,-0.8499560093400137,6.5100439906599865,-0.7899560093400138,,1.5,44409.9976365661,119.715714419876,0.14,7.5,0.2
4,TT,2013.75,-0.11208509149599533,3.445569440769987,0.7202284342350864,6.4665,-0.8329341371265604,-0.6178360979108737,-0.05124565249780333,-1.2937500000000002,0.44061990134256646,3.8058452317932923,1.7675159235667512,-0.9793800986574336,6.440619901342567,-0.8593800986574336,2.75,1.5,46131.8643136583,121.831708735259,0.08,7.5,0.2
4,TT,2014.0,0.005187043941731306,-0.6123039092461562,0.7834119317292458,6.4555,-0.7423286683555004,-0.500563962473147,0.0660264829399233,-1.2937500000000002,0.5578920367802931,-0.2520281182228509,1.8306994210609107,-0.8887746298863736,6.557892036780293,-0.742107963219707,2.75,1.5,45962.2012540551,124.062081121744,0.0533333333333333,7.5,0.2
4,TT,2014.25,0.16299174349503143,-0.9924355028290519,0.47391718184261555,6.3933,-0.5311906354688666,-0.3427592629198468,0.22383118249322353,-1.2937500000000002,0.7156967363335932,-0.6321597118057467,1.5212046711742804,-0.6776365969997398,6.7156967363335935,-0.5843032636664067,2.75,1.5,45600.2473890808,125.949319294924,0.106666666666667,7.5,0.2
4,TT,2014.5,-0.7639206748577497,-0.302469529158423,0.6781552229431445,6.3733,-1.4514363871549816,-1.2696716812726283,-0.7030812358595577,-1.0437500000000002,-0.21121568201918794,0.05780626186488223,1.7254427122748093,-1.5978823486858549,5.788784317980812,-1.511215682019188,3.0,1.5,46046.2347231343,128.122502645858,0.113333333333333,7.5,0.2
4,TT,2014.75,-1.1924478835212056,0.9527220398901355,2.4343372688889096,6.3927,-1.8799635958184375,-1.6981988899360845,-1.1316084445230135,-0.7937500000000002,-0.6397428906826437,1.3129978309134407,3.4816247582205744,-2.026409557349311,5.360257109317356,-1.9397428906826437,3.25,1.5,46847.3688845203,132.583247418828,0.113333333333333,7.5,0.2
4,TT,2015.0,-0.6125587938920537,-11.48664933960388,-1.5361444267873616,6.3873,-1.2900745061892855,-1.1183098003069327,-0.5517193548938617,-0.2937500000000002,-0.05985380105349192,-11.126373548580574,-0.48885693745569675,-1.4365204677201588,5.940146198946508,-1.359853801053492,3.75,1.5,41398.5769553801,131.935105015917,0.123333333333333,7.5,0.2
4,TT,2015.25,-0.44059095943181925,-1.372888126074504,-0.21395415599832235,6.3721,-0.8347733383957173,-0.44300863251336775,-0.37975152043362725,-0.04375000000000018,0.11211403340674253,-1.0126123350511989,0.8333333333333425,-0.9812192999265905,6.615447366740073,-1.1878859665932575,4.0,1.5,40909.980890135,133.034564224383,0.406666666666667,8.00333333333333,0.2
4,TT,2015.5,-0.2424564076158623,-0.36745762299132906,-0.11438298432068295,6.3725,-0.6033054532464274,0.16845925263592854,-0.1816169686176703,0.4562499999999998,0.3102485852226995,-0.007181831968023821,0.9329045050109819,-0.7497514147773006,7.226915251889369,-0.9897514147773006,4.5,1.5,40827.1013148386,134.275649667254,0.44,8.41666666666667,0.2
4,TT,2015.75,0.4414283715267132,1.5989321023285845,-0.3012018476813926,6.4493,0.5372459925628151,1.2456773651118356,0.5022678105249052,0.7062499999999998,0.994133364365275,1.9592078933518897,0.7460856416502722,0.39080003103194194,8.304133364365276,-0.305866635634725,4.75,1.5,41345.6556328931,135.277461009654,0.896666666666667,8.81,0.2
4,TT,2016.0,0.19730256369066768,-11.166814545529189,-0.5596411954431795,6.5784,0.4997868513934326,1.1915515572757895,0.2581420026888597,0.7062499999999998,0.7500075565292295,-10.806538754505883,0.4876462938884854,0.3533408898625594,8.25000755652923,-0.5499924434707706,4.75,1.5,36967.195996279,135.937136534734,1.10333333333333,9.0,0.2
4,TT,2016.25,0.10637999278601573,-1.2931254296039294,0.14973612762028576,6.6621,0.4888642804887807,1.1006289863711372,0.16721943178420773,0.7062499999999998,0.6590849856245775,-0.9328496385806242,1.1970236169519506,0.34241831895790753,8.159084985624578,-0.6409150143754225,4.75,1.5,36655.3977487333,137.564336163263,1.18333333333333,9.0,0.2
4,TT,2016.5,0.20293226252982277,0.9064455966763292,-0.5005920632959112,6.7392,0.5820832168992577,1.197181256114944,0.26377170152801477,0.7062499999999998,0.7556372553683846,1.2667213876996344,0.5466954260357536,0.4356372553683845,8.255637255368384,-0.5443627446316155,4.75,1.5,37084.1784501749,138.316394096924,1.18,9.0,0.2
4,TT,2016.75,0.24450774827455213,10.280390017594334,-0.4675037906603098,6.7539,0.6003253693106572,1.2387567418596737,0.30534718727274424,0.7062499999999998,0.7972127411131139,10.640665808617639,0.579783698671355,0.45387940777978397,8.297212741113114,-0.502787258886886,4.75,1.5,41013.2494883961,139.118330002488,1.15666666666667,9.0,0.2
4,TT,2017.0,0.2110091002134059,-4.3187988485404265,-0.4256466031985947,6.7708,0.4501600545828409,1.2052580937985278,0.2718485392115979,0.7062499999999998,0.7637140930519677,-3.958523057517121,0.6216408861330701,0.3037140930519677,8.263714093051968,-0.5362859069480324,4.75,1.5,39402.8334921676,139.983146421889,1.04,9.0,0.2
4,TT,2017.25,0.5259734555982384,-3.0485041794117755,-1.1101212939190443,6.7922,0.8784577433010033,1.5202224491833602,0.5868128945964305,0.7062499999999998,1.0786784484368002,-2.6882283883884703,-0.06283380458737961,0.7320117817701302,8.5786784484368,-0.22132155156319977,4.75,1.5,38223.7093819064,139.895189685211,1.15333333333333,9.0,0.2
4,TT,2017.5,0.6154923293973084,-0.14237865681998618,-0.8586675584921908,6.7591,1.5546432837667434,1.609741322982429,0.6763317683955004,0.7062499999999998,1.1681973222358701,0.21789713420331908,0.1886199308394741,1.4081973222358701,8.66819732223587,-0.1318026777641299,4.75,1.5,38272.8496296517,140.159059895243,1.74,9.0,0.2
4,TT,2017.75,0.5643290604661445,7.612033577779709,-0.26285071493565504,6.7636,1.1434800148355795,1.5585780540512664,0.6251684994643367,0.7062499999999998,1.1170340533047063,7.972309368803014,0.7844367743960098,0.9970340533047063,8.617034053304707,-0.1829659466952936,4.75,1.5,41345.1524361532,141.258519103709,1.38,9.0,0.2
4,TT,2018.0,0.7275225945773086,-3.967161315169205,-1.078420739643251,6.7585,1.0600068822800737,1.7217715881624303,0.7883620335755007,0.7062499999999998,1.2802275874158704,-3.6068855241458997,-0.031133250311586244,0.9135609207492005,8.78022758741587,-0.019772412584129512,4.75,1.5,39789.0892893628,141.21454073537,1.13333333333333,9.0,0.2
4,TT,2018.25,0.688456933838422,-1.628818673677166,-0.953858650963498,6.7568,1.240941221541187,1.6827059274235436,0.7492963728366141,0.9562499999999998,1.2411619266769838,-1.2685428826538607,0.09342883836816689,1.0944952600103137,8.741161926676984,-0.05883807332301616,5.0,1.5,39299.6606652491,141.346475840386,1.35333333333333,9.0,0.2
4,TT,2018.5,0.6656056937728899,0.7981480483382193,-0.7672625982300622,6.7629,1.991423314808995,1.7848546873580107,0.7264451327710819,0.9562499999999998,1.2183106866114517,1.1584238393615245,0.28002489110160267,1.8449773532781217,8.843310686611451,-0.08168931338854829,5.0,1.5,39763.9783413577,141.742281155434,2.12666666666667,9.125,0.2
4,TT,2018.75,0.6910664232080826,2.5820326217516283,-0.36469363267642585,6.7792,1.2768840442441878,1.9353154167932045,0.7519058622062746,0.9562499999999998,1.2437714160466444,2.9423084127749335,0.682593856655239,1.1304380827133145,8.993771416046645,-0.05622858395335556,5.0,1.5,40923.5644126856,142.709805258884,1.38666666666667,9.25,0.2
4,TT,2019.0,0.6062415081649238,-5.207058029376063,-0.739121079470616,6.7534,1.5520591292010288,1.8504905017500457,0.667080947163116,0.9562499999999998,1.1589465010034856,-4.846782238352758,0.30816640986104876,1.4056131676701555,8.908946501003486,-0.14105349899651431,5.0,1.5,38973.0348400055,143.14958894227,1.74666666666667,9.25,0.2
4,TT,2019.25,0.6833621586170978,-2.2729570787070568,-1.2623412527721938,6.7525,2.239179779653203,1.9276111522022186,0.7442015976152899,0.9562499999999998,1.2360671514556596,-1.9126812876837516,-0.21505376344052896,2.09273381812233,8.986067151455659,-0.06393284854434034,5.0,1.5,38198.2237233459,142.8417403639,2.35666666666667,9.25,0.2
4,TT,2019.5,0.6610038493727327,-1.2764591935044975,-0.6778293612526016,6.7506,1.470154803742168,1.9052528429578546,0.7218432883709247,0.9562499999999998,1.2137088422112945,-0.9161834024811922,0.3694581280790632,1.3237088422112946,8.963708842211295,-0.0862911577887055,5.0,1.5,37856.6978922903,143.369480783964,1.61,9.25,0.2
4,TT,2019.75,0.8393210251930466,4.465533676272998,-1.0779623359576815,6.7706,1.8151386462291517,2.0835700187781674,0.9001604641912387,0.9562499999999998,1.3920260180316084,4.8258094672963034,-0.03067484662601681,1.6686926846982784,9.142026018031608,0.09202601803160847,5.0,1.5,39613.0293551207,143.325502415625,1.77666666666667,9.25,0.2
4,TT,2020.0,0.8473230449641888,-11.051176107575039,-0.7711291585551845,6.7713,1.8631406660002938,1.5082387052159794,,-0.5437500000000002,1.4000280378027505,-10.690900316551733,0.2761583307764804,1.7166947044694205,8.56669470446942,,3.5,1.5,35375.2119700539,143.721307730673,1.81666666666667,8.66666666666667,
4,TT,2020.25,0.7859096653036776,-18.00383075870362,-1.0166877341301492,6.74,1.7883939530064425,0.28015865888879876,,-0.5437500000000002,1.3386146581422393,-17.643554967680316,0.030599755201515588,1.6419479914755692,7.338614658142239,,3.5,1.5,29151.6411629716,143.765286099011,1.80333333333333,7.5,
4,TT,2020.5,0.8170934080912825,13.804376225035432,-0.8025643324030209,6.7626,1.1995776957940476,0.3113424016764039,,-0.5437500000000002,1.3697984009298443,14.164652016058737,0.24472315692864385,1.0531317342631743,7.369798400929844,,3.5,1.5,33270.5081918152,144.11711304572,1.18333333333333,7.5,
4,TT,2020.75,0.7407643363492921,6.35469567627945,-0.7726460489897201,6.7327,0.1399152907187271,-4.711653336732256,,-0.5437500000000002,1.2934693291878538,6.714971467302755,0.2746414403419447,-0.0065306708121461166,2.346802662521184,,3.5,1.5,35531.6784265016,144.512918360768,0.2,2.55333333333333,
4,TT,2021.0,0.7337235782033812,-0.11027600354188977,-0.7429661259715411,6.7604,0.35954119923948324,0.22797257178850305,,-0.5437500000000002,1.286428571041943,0.2499997874814155,0.3043213633601237,0.21309523770861005,7.286428571041943,,3.5,1.5,35623.010331825,144.952702044155,0.426666666666667,7.5,
4,TT,2021.25,0.5896744878776782,-0.22899130033933876,-0.44049137282733675,6.7474,0.27882544224711314,0.0005901481294694477,,-0.5437500000000002,1.14237948071624,0.1312844906839665,0.6067961165043281,0.1323794807162399,7.05904614738291,,3.5,1.5,35721.0503065923,145.832269410927,0.49,7.41666666666667,
4,TT,2021.5,0.3888016095944551,12.988445926493876,0.0009271807298711909,6.7466,-0.025380769369442918,-0.2419493968204236,,-0.5437500000000002,0.9415066024330169,13.348721717517181,1.048214670061536,-0.17182673090031614,6.816506602433017,,3.5,1.5,40570.3962132661,147.360904652576,0.386666666666667,7.375,
4,TT,2021.75,0.03784655625000932,10.587504247990307,0.6311741643880631,6.7716,-0.3630024893805557,-0.5095711168315384,,-0.5437500000000002,0.5905515490885711,10.947780039013612,1.6784616537197279,-0.5094484509114289,6.548884882421902,,3.5,1.5,45169.0483169948,149.834300929744,0.4,7.45833333333333,
4,TT,2022.0,0.03784655625000932,4.766176784598107,-0.4015581086448745,6.7545,-0.30835449371222234,-0.5532564544965357,,-0.5437500000000002,0.5905515490885711,5.126452575621412,0.6457293806867903,-0.45480045524309554,6.505199544756905,,3.5,1.5,47524.7819620764,150.801825033194,0.54,7.5,
4,TT,2022.25,0.03784655625000932,2.987788365195699,0.4400265964072221,6.7531,-0.2818173193541951,-0.7733859468051758,,-0.5437500000000002,0.5905515490885711,3.3480641562190043,1.487314085738887,-0.42826328088506826,6.2850700524482646,,3.5,1.5,49222.9958556438,153.044721818464,0.786666666666667,7.5,
4,TT,2022.5,0.03784655625000932,3.898570872241737,1.1366205566456191,6.733,-0.7990739966664661,-1.098975957450782,,-0.5437500000000002,0.5905515490885711,4.258846663265042,2.183908045977284,-0.9455199581973392,5.959480041802658,,3.5,1.5,51463.2863281115,156.387077812201,0.553333333333333,7.45833333333333,
4,TT,2022.75,-1.031830385000072,-2.8157016822040277,2.5522625669114154,6.7327,-1.1226794306306371,-1.5375813914149505,,-0.5437500000000002,-0.4791253921615104,-2.4554258911807225,3.59955005624308,-1.2691253921615104,5.52087460783849,,3.5,1.5,50437.1780583875,162.016308959547,0.71,7.5,
4,TT,2023.0,-0.9450451625210984,-13.296815810298916,-0.748698998560769,6.7484,-1.1958942081516633,-1.4507961689359767,,-0.5437500000000002,-0.3923401696825366,-12.936540019275611,0.2985884907708958,-1.3423401696825366,5.607659830317464,,3.5,1.5,43874.9824975298,162.500071011272,0.55,7.5,
4,TT,2023.25,-0.48525994284540175,,-1.3991142822955647,6.7493,-0.5461089884759668,-0.9910109492602803,,-0.5437500000000002,0.06744504999316003,,-0.3518267929638998,-0.69255495000684,6.06744504999316,,3.5,1.5,,161.928352222869,0.74,7.5,
4,TT,2023.5,-0.09544805899914699,,-0.4226269787393996,6.7403,0.3403695620369579,-0.6845323987473559,,-0.5437500000000002,0.4572569338394148,,0.6246605105922652,0.1939236005060847,6.373923600506084,,3.5,1.5,,162.939854694658,1.23666666666667,7.41666666666667,
