code,country,year,FIDR_PA,FPOLM_PA,FISR_PA,FILR_PA,FITB_PA,FM2_CH,FM2_NGDP,FM2_RES,PCPI_IX_CH,NGDP_XDC_CH,ENDE_XDC_USD_RATE_CH,IR_SPREAD,BANK_PREM_RATE,FIDR_PA_DM,FPOLM_PA_DM,FISR_PA_DM,FILR_PA_DM,FITB_PA_DM,FM2_CH_DM,FM2_NGDP_DM,FM2_RES_DM,PCPI_IX_CH_DM,NGDP_XDC_CH_DM,ENDE_XDC_USD_RATE_CH_DM,IR_SPREAD_DM,BANK_PREM_RATE_DM
1,BS,2010,3.44083333333333,5.25,1.94083333333333,5.5,2.27746666666667,5.52239906169665,62.6146504888191,6.05411275156651,,,,2.05916666666667,3.22253333333333,1.9220696785248779,0.9090909090909092,0.9509381732906872,0.8352272727272725,1.0197750000000034,2.3733193184433783,-1.7511379293035034,-0.33300782809046847,,,,-1.0868424057976052,-0.18454772727273072
1,BS,2011,2.63369186955964,4.5,1.74477236117171,5.0625,1.248325,2.44473756796656,64.3066306474884,6.05107610553041,3.1987814166029978,-0.2507739871391853,,2.42880813044036,3.814175,1.114928214751188,0.15909090909090917,0.7548772011290672,0.3977272727272725,-0.009366666666666523,-0.7043421752867114,-0.0591577706342008,-0.33604447412656846,1.675056103014659,-0.35971755333266675,,-0.7172009420239154,0.40709393939393923
1,BS,2012,2.01208333333333,4.5,1.53449106596403,4.75,0.235708333333333,2.96444497044829,62.1986452614641,7.87296969769937,1.973367559763037,4.75940422087439,,2.73791666666667,4.514291666666667,0.4933196785248779,0.15909090909090917,0.5445959059213872,0.08522727272727249,-1.0219833333333335,-0.1846347728049813,-2.167143156658504,1.485849118042391,0.44964224617469806,4.650460654680908,,-0.4080924057976052,1.107210606060606
1,BS,2013,1.68,4.5,0.968333333333333,4.75,0.298616666666667,0.545256322834849,64.4923375548074,8.30348174347782,0.7224147845306338,-1.471412799556082,,3.0700000000000003,4.451383333333333,0.16123634519154795,0.15909090909090917,-0.02156182670930984,0.08522727272727249,-0.9590749999999995,-2.603823420418422,0.12654913668480106,1.9163611638208407,-0.8013105290577051,-1.5803563657495634,,-0.07600907246427502,1.0443022727272724
1,BS,2014,1.4175,4.5,0.866666666666667,4.75,0.533383333333333,1.55660875056722,62.0390411284944,7.78722641421042,1.5137564305075597,5.806335706314099,,3.3325,4.216616666666667,-0.10126365480845201,0.15909090909090917,-0.12322849337597586,0.08522727272727249,-0.7243083333333334,-1.5924709926860514,-2.3267472896282086,1.4001058345534414,-0.009968883080779145,5.697392140120617,,0.18649092753572472,0.809535606060606
1,BS,2015,1.405,4.5,0.8325,4.75,0.678516666666667,-0.375520870550015,58.1097477395506,7.57485324749592,1.861483028633895,6.136346044635811,,3.3449999999999998,4.071483333333333,-0.11376365480845196,0.15909090909090917,-0.15739516004264287,0.08522727272727249,-0.5791749999999994,-3.5246006138032864,-6.256040678572006,1.187732667838941,0.3377577150455562,6.02740247844233,,0.19899092753572445,0.6644022727272723
1,BS,2016,1.24166666666667,4.0,0.815,4.75,1.64105833333333,8.79728297018367,62.8027079577561,7.36557598649699,-0.3463769299888448,0.6675334668470099,,3.50833333333333,3.10894166666667,-0.27709698814178196,-0.34090909090909083,-0.17489516004264294,0.08522727272727249,0.3833666666666635,5.648203226930399,-1.563080460366507,0.9784554068400109,-1.8701022435771837,0.5585899006535284,,0.3623242608690549,-0.2981393939393908
1,BS,2017,0.994166666666667,4.0,0.721666666666667,4.25,1.82796666666667,1.8071748112538,61.3146192175297,5.31352945217831,1.5182070073610037,4.277862854880038,,3.255833333333333,2.4220333333333297,-0.524596988141785,-0.34090909090909083,-0.2682284933759759,-0.4147727272727275,0.5702750000000036,-1.3419049319994714,-3.051169200592902,-1.073591127478669,-0.005518306227335179,4.168919288686556,,0.10982426086905761,-0.9850477272727312
1,BS,2018,0.840833333333333,4.0,0.634166666666667,4.25,1.6925,1.05205053077531,60.0005483666308,5.64333403478772,2.2658634667876356,3.264923131123909,,3.409166666666667,2.5575,-0.677930321475119,-0.34090909090909083,-0.3557284933759759,-0.4147727272727275,0.43480833333333346,-2.0970292124779615,-4.365240051491803,-0.7437865448692591,0.7421381531992968,3.1559795649304276,,0.2631575942023918,-0.8495810606060608
1,BS,2019,0.588333333333333,4.0,0.391666666666667,4.25,1.60543333333333,10.5930845635204,64.2979827047103,4.77674539173857,2.491235273680369,3.2014343264696867,,3.661666666666667,2.64456666666667,-0.930430321475119,-0.34090909090909083,-0.5982284933759758,-0.4147727272727275,0.3477416666666635,7.4440048202671285,-0.06780571341231223,-1.6103751879184092,0.9675099600920303,3.0924907602762053,,0.5156575942023918,-0.7625143939393908
1,BS,2020,0.452291666666667,4.0,0.43875,4.25,1.79563333333333,-0.267641502910746,85.8467615320977,3.51542155104472,0.038521098005103664,-25.30221730251486,,3.797708333333333,2.4543666666666697,-1.066471988141785,-0.34090909090909083,-0.5511451600426429,-0.4147727272727275,0.5379416666666637,-3.4167212461640175,21.480973113975097,-2.871699028612259,-1.4852042155832352,-25.41116086870834,,0.6516992608690577,-0.9527143939393912
1,BS,2021,0.521958333333333,4.0,0.406125,4.25,2.58353333333333,4.33873028560219,75.794908136299,3.59159593292006,2.9049126292846226,18.17625745755671,,3.728041666666667,1.66646666666667,-0.996805321475119,-0.34090909090909083,-0.5837701600426428,-0.4147727272727275,1.3258416666666635,1.1896505423489185,11.429119718176395,-2.7955246467369186,1.3811873156962837,18.067313891363227,,0.5820325942023916,-1.7406143939393908
1,BS,2022,0.5175,4.0,0.400833333333333,4.25,2.8625,9.36159353499307,74.0869284453456,3.66184193175946,5.6054063358305495,11.883235192434,,3.7325,1.3875000000000002,-1.0012636548084521,-0.34090909090909083,-0.58906182670931,-0.4147727272727275,1.6048083333333334,6.212513791739799,9.721140027223,-2.7252786478975186,4.08168102224221,11.774291626240519,,0.5864909275357246,-2.0195810606060607
1,BS,2023,0.538333333333333,4.0,0.284791666666667,4.25,2.90583333333333,,,,,,,3.711666666666667,1.3441666666666698,-0.980430321475119,-0.34090909090909083,-0.7051034933759759,-0.4147727272727275,1.6481416666666637,,,,,,,0.5656575942023916,-2.062914393939391
2,AG,2010,3.37030687182617,,3.24448888804955,10.9993475073677,6.25,0.245680656022543,97.3261793575701,8.18436714157661,,,,7.62904063554153,4.7493475073677,0.939788309523359,,0.5139269830059683,1.355077521771003,1.2359259259259252,-1.2898912101350861,9.093554825446233,2.740668316243805,,,,0.41528921224764215,-0.21344541947270823
2,AG,2011,3.37537690057588,,3.27097964395082,10.9144525231277,6.5,1.46543123077861,88.5301136927171,7.67146041106256,3.4567496723460067,-0.9630854847186318,,7.53907562255182,4.4144525231277,0.9448583382730686,,0.5404177389072382,1.270182537531003,1.4859259259259252,-0.07014063537901927,0.29748916059322994,2.2277615857297546,1.9408380034254413,-3.3357169699218674,,0.3253241992579321,-0.5483404037127082
2,AG,2012,3.16043061576853,,3.15413371381701,10.1571966422671,6.125,2.58648629451995,87.6876605016231,7.18139223933365,3.3768804433886404,5.4772400231799585,,6.996766026498571,4.032196642267101,0.7299120534657186,,0.42357180877342815,0.5129266566704036,1.1109259259259252,1.0509144283623209,-0.5449640305007648,1.7376934140008444,1.860968774468075,3.104608537976723,,-0.2169853967953168,-0.9305962845733076
2,AG,2013,3.04434917695378,,3.21628689697427,9.95235329417181,6.0,1.34360400987264,88.978573717449,5.82160957381831,1.0594978235617896,-1.5417332847715726,,6.908004117218029,3.952353294171809,0.6138306146509689,,0.4857249919306885,0.308083308575112,0.9859259259259252,-0.19196785628498914,0.7459491853251308,0.37791074848550466,-0.4564138453587758,-3.9143647699748083,,-0.3057473060758591,-1.0104396326685992
2,AG,2014,2.89339395353989,,3.20481856268775,10.0718377079627,6.0,1.39123986457518,86.722288079117,4.02547770330413,1.0894415743536408,5.779786890539242,,7.17844375442281,4.0718377079627,0.46287539123707866,,0.47425665764416847,0.42756772236600327,0.9859259259259252,-0.1443320015824492,-1.5103364530068575,-1.4182211220286751,-0.42647009456692464,3.4071554053360065,,-0.03530766887107806,-0.8909552188777079
2,AG,2015,2.46616666666667,,2.75041666666667,9.83508333333333,4.995,5.81672936052775,88.0056621173949,3.55694630454844,0.9689934588254554,6.958225162108656,,7.36891666666666,4.84008333333333,0.03564810436385901,,0.01985476162308819,0.19081334773663272,-0.019074074074074687,4.281157494370121,-0.22696241472895906,-1.886752520784365,-0.54691821009511,4.58559367690542,,0.15516524337277193,-0.12270959350707855
2,AG,2016,1.9275,,2.4025,9.575,4.61166666666667,-1.24510914792407,83.8798459538011,3.78547712704563,-0.489437796230127,7.473116342991408,,7.647499999999999,4.963333333333329,-0.5030185623028112,,-0.3280619050435818,-0.06926998559669784,-0.4024074074074049,-2.780681014081699,-4.35277857832277,-1.658221698287175,-2.0053494651506925,5.100484857788173,,0.4337485767061109,0.0005404064929210861
2,AG,2017,1.755,,2.27,9.31,2.665,7.24704264343661,87.5228283717656,4.27268352136368,2.4324878904137104,2.185223188734596,,7.555000000000001,6.6450000000000005,-0.6755185623028113,,-0.46056190504358163,-0.33426998559669663,-2.3490740740740748,5.711470777278981,-0.7097961603582661,-1.1710153039691251,0.916576221493145,-0.18740829646863943,,0.3412485767061124,1.6822070731595922
2,AG,2018,1.65208591666667,,2.17712308333333,8.976532,1.98,7.2084726309942,86.4690377755437,4.37141662163893,1.2071579336697997,9.318437558344312,,7.3244460833333305,6.996532,-0.7784326456361412,,-0.5534388217102517,-0.6677379855966965,-3.034074074074075,5.672900764836571,-1.7635867565801675,-1.0722822036938755,-0.30875373525076566,6.9458060731410765,,0.11069466003944228,2.033739073159592
2,AG,2019,1.57648958333333,,2.160062,8.61132908333333,,-0.448755227442753,82.896794427331,5.12393836574643,1.4313559818301052,4.401460460478943,,7.0348394999999995,,-0.8540289789694813,,-0.5704999050435817,-1.032940902263368,,-1.984327093600382,-5.335830104792862,-0.3197604595863748,-0.08455568709046024,2.0288289752757076,,-0.17891192329388872,
2,AG,2020,1.5146045,,2.1853715,7.68383775,,-8.71953178762674,92.5398858590499,5.88591806922248,0.6259897070466343,-15.362356004854558,,6.1692332500000004,,-0.9159140623028112,,-0.5451904050435816,-1.9604322355966968,,-10.25510365378437,4.307261326926039,0.44221924388967526,-0.8899219618739311,-17.734987490057794,,-1.0445181732938877,
2,AG,2021,1.582366,,2.26894175,7.39227225,,13.8652349252698,92.8311290784029,4.04495044103676,2.062996385452909,9.615635757680248,,5.809906250000001,,-0.8481525623028112,,-0.46162015504358145,-2.2519977355966967,,12.329663059112171,4.598504546279031,-1.398748384296045,0.5470847165323438,7.2430042724770125,,-1.4038451732938872,
2,AG,2022,1.5552775,,2.2551175,7.31490375,,4.59626224275305,83.2502818353798,3.9214898687649,7.531078346343156,12.629942575432294,,5.75962625,,-0.8752410623028111,,-0.47544440504358176,-2.329366235596697,,3.0606903765954208,-4.98234269674407,-1.5222089565679053,6.015166677422591,10.257311090229058,,-1.454125173293888,
2,AG,2023,1.3615355,,2.0304325,6.69892175,,,,,5.067138653641823,,,5.33738625,,-1.0689830623028111,,-0.7001294050435818,-2.945348235596697,,,,,3.551226984721258,,,-1.8763651732938884,
3,BB,2010,2.66583333333333,,3.5,8.7,3.30166666666667,,,,,,,6.034166666666669,5.39833333333333,1.2803635935876068,,1.0140151515151525,0.38257575757575957,0.5406060606060636,,,,,,,-0.8977878360118501,-0.15803030303030585
3,BB,2011,2.67666666666667,,3.5,8.7,3.40666666666667,,,,9.432202401772003,2.764216705283588,,6.02333333333333,5.2933333333333294,1.2911969269209467,,1.0140151515151525,0.38257575757575957,0.6456060606060636,,,,6.081915277730861,2.2218460956699366,,-0.9086211693451895,-0.2630303030303063
3,BB,2012,2.5625,,3.5,8.7,3.5,,102.587501472194,5.6366621576898,4.533347538887391,-0.9147311370690056,,6.137499999999999,5.199999999999999,1.1770302602542768,,1.0140151515151525,0.38257575757575957,0.7389393939393938,,-9.591520148863879,-4.099231778581139,1.1830604148462491,-1.457101746682657,,-0.7944545026785201,-0.35636363636363644
3,BB,2013,2.51083333333333,,3.5,8.7,3.3975,3.7587147379968,104.814636050046,7.21210915508771,1.8141043604910578,1.553965536580595,,6.189166666666669,5.302499999999999,1.125363593587607,,1.0140151515151525,0.38257575757575957,0.6364393939393937,0.19512841871403364,-7.36438557101188,-2.5237847811832292,-1.5361827635500838,1.0115949269669438,,-0.7427878360118507,-0.2538636363636364
3,BB,2014,2.50916666666667,,3.5,8.38333333333333,3.20083333333333,3.1682328318263,107.628910663389,8.01371140887907,1.7695032208977217,0.47126796129446846,,5.874166666666659,5.182499999999999,1.1236969269209467,,1.0140151515151525,0.06590909090908958,0.4397727272727239,-0.39535348745646637,-4.550110957668892,-1.722182527391869,-1.5807839031434199,-0.071102648319183,,-1.05778783601186,-0.3738636363636365
3,BB,2015,1.3225,,3.5,8.05833333333333,2.82166666666667,6.12164579183792,113.58061657333,9.71254406194752,-1.1127899251094153,0.5605395389433881,,6.73583333333333,5.23666666666666,-0.06296973974572317,,1.0140151515151525,-0.2590909090909097,0.06060606060606366,2.5580594725551533,1.40159495227212,-0.023349874323418618,-4.463077049150557,0.018168929329736683,,-0.1961211693451892,-0.3196969696969756
3,BB,2016,0.3475,,2.89583333333333,8.05,3.30583333333333,4.152880717122,115.627834269414,12.9706913557753,1.2819281306182673,2.308697541732657,,7.702500000000001,4.74416666666667,-1.0379697397457233,,0.40984848484848246,-0.267424242424239,0.5447727272727239,0.5892943978392333,3.4488126483561103,3.2347974195043605,-2.0683589934228745,1.7663269321190054,,0.7705454973214811,-0.8121969696969655
3,BB,2017,0.19488919978547,,1.25,8.05,3.30333333333333,1.21505459707057,113.539819720728,21.321898881578,4.660184639560061,3.076246858557741,,7.855110800214531,4.746666666666671,-1.1905805399602531,,-1.2359848484848475,-0.267424242424239,0.5422727272727239,-2.348531722212196,1.36079809967012,11.586004945307062,1.3098975155189194,2.5338762489440896,,0.9231562975360115,-0.8096969696969651
3,BB,2018,0.150277937417484,,0.9,8.05,3.13416666666667,-0.128668851660985,110.776481576571,10.6028898892381,3.673814104068597,2.3627033295073088,,7.899722062582517,4.915833333333331,-1.235191802328239,,-1.5859848484848476,-0.267424242424239,0.37310606060606366,-3.6922551709437514,-1.4025400444868836,0.8669959529671605,0.3235269800274554,1.8203327198936572,,0.9677675599039972,-0.6405303030303049
3,BB,2019,0.15,,0.65,8.05,0.5,2.96304016937077,109.129046915885,7.54895834802507,4.100289645184593,4.517345470961435,,7.9,7.550000000000001,-1.2354697397457233,,-1.8359848484848476,-0.267424242424239,-2.261060606060606,-0.6005461499119962,-3.049974705172886,-2.186935588245869,0.7500025211434513,3.9749748613477833,,0.9680454973214809,1.993636363636365
3,BB,2020,0.15,,0.65,8.05,0.5,7.25779056069876,131.926347347964,4.60358016821788,,-11.27654570965566,,7.9,7.550000000000001,-1.2354697397457233,,-1.8359848484848476,-0.267424242424239,-2.261060606060606,3.694204241415994,19.747325726906112,-5.132313768053059,,-11.818916319269311,,0.9680454973214809,1.993636363636365
3,BB,2021,0.15,,0.916666666666667,8.05,0.5,5.97057292440299,134.569470312421,3.96021940037008,,3.8891715129339075,,7.9,7.550000000000001,-1.2354697397457233,,-1.5693181818181805,-0.267424242424239,-2.261060606060606,2.406986605120224,22.39044869136312,-5.775674535900858,,3.346800903320256,,0.9680454973214809,1.993636363636365
3,BB,2022,0.143333333333333,,1.05,8.05,0.5,,,,16.076862881488356,15.780191695632528,,7.906666666666668,7.550000000000001,-1.24213640641239,,-1.4359848484848474,-0.267424242424239,-2.261060606060606,,,,12.726575757447215,15.237821086018876,,0.9747121639881486,1.993636363636365
3,BB,2023,0.15,,,,,,,,,,,,,-1.2354697397457233,,,,,,,,,,,,
4,BZ,2010,7.76083333333333,18.0,5.13,13.8833333333333,3.03853333333333,-0.114401924530565,60.111904703389,4.79536441228614,,,,6.122499999999971,10.844799999999971,4.284104588509188,6.363636363636363,2.2012233188566372,3.0998812224063954,1.7642279166666635,-5.0670828064045,-5.655440564579436,0.4969859330185953,,,,-1.1842233661027937,1.335653305739731
4,BZ,2011,6.44083333333333,11.0,4.43666666666667,13.3633333333333,2.42441375,5.28085850288996,60.511019815705,4.64161792423383,1.602056156402,4.58351753526285,,6.922499999999969,10.9389195833333,2.964104588509189,-0.6363636363636367,1.5078899855233074,2.579881222406394,1.1501083333333333,0.32817762101602543,-5.2563254522634395,0.34323944496628567,0.9878794044355166,2.791190091862794,,-0.3842233661027956,1.4297728890730603
4,BZ,2012,4.4125,11.0,2.89416666666667,12.4408333333333,2.08527416666667,11.008878608192,64.3198049288563,4.22863290699638,1.3005807454780909,4.436363543741245,,8.0283333333333,10.35555916666663,0.9357712551758581,-0.6363636363636367,-0.03461001447669254,1.6573812224063946,0.8109687500000033,6.056197726318064,-1.4475403391121375,-0.06974557227116396,0.6864039935116075,2.6440361003411894,,0.7216099672305356,0.8464124724063904
4,BZ,2013,3.585,11.0,2.69166666666667,11.5691666666667,1.492445,1.35295281015746,61.2480289054479,3.07456118643728,0.5097477689840022,6.414597495901983,,7.9841666666667,10.0767216666667,0.10827125517585845,-0.6363636363636367,-0.23711001447669267,0.7857145557397942,0.2181395833333335,-3.599728071716475,-4.519316362520534,-1.2238172928302644,-0.10442898298248116,4.622270052501928,,0.6774433005639349,0.5675749724064598
4,BZ,2014,2.89706136795201,11.0,2.34663671326961,10.8217831837388,0.47062,7.89331525685519,62.8682105712336,2.74407922272038,1.2013996448097972,5.132718316768386,,7.92472181578679,10.3511631837388,-0.5796673768721314,-0.6363636363636367,-0.5821399678737524,0.03833107281189463,-0.8036854166666665,2.940634374981255,-2.8991346967348406,-1.5542992565471643,0.5872228928433139,3.3403908733683307,,0.6179984496840252,0.84201648947856
4,BZ,2015,2.60059702049274,11.0,2.37076274135771,10.320279926803,0.10932,7.56150114783352,65.4780221188515,3.28730823926531,-0.8615840094272729,3.2666542056149583,,7.719682906310259,10.210959926803,-0.8761317243314015,-0.6363636363636367,-0.5580139397856527,-0.4631721841239056,-1.1649854166666664,2.6088202659595856,-0.2893231491169388,-1.0110702400022342,-1.4757607613937562,1.474326762214903,,0.4129595402074946,0.7018132325427597
4,BZ,2016,2.29776223564374,11.0,2.34581070461633,9.84091010965423,0.0355033333333333,2.64907916332178,65.8361666360475,3.91553886843034,0.6634271679174081,2.120938515044727,,7.54314787401049,9.805406776320897,-1.1789665091804014,-0.6363636363636367,-0.5829659765270327,-0.9425420012726757,-1.2388020833333333,-2.3036017185521547,0.06882136807905681,-0.3828396108372045,0.04925041595092472,0.32861107164467174,,0.23642450790772518,0.2962600820606571
4,BZ,2017,2.11942890231041,11.0,2.22416666666667,9.4625,0.65625,-0.368487042668548,64.8391089028757,4.70841472241523,1.1476533930580697,1.1519324262194048,,7.34307109768959,8.80625,-1.3572998425137315,-0.6363636363636367,-0.7046100144766925,-1.3209521109269051,-0.6180554166666665,-5.3211679245424826,-0.9282363650927437,0.41003624314768583,0.5334766410915863,-0.6403950171806505,,0.03634773158682503,-0.7028966942602395
4,BZ,2018,1.99916666666667,11.0,2.63583333333333,9.115,1.20333333333333,2.65189388275065,65.8002484366509,5.12333270175957,0.26998262264623074,1.1716412309143995,,7.11583333333333,7.911666666666671,-1.4775620781574714,-0.6363636363636367,-0.2929433478100325,-1.6684521109269053,-0.07097208333333649,-2.3007869991232845,0.032903168682466344,0.8249542224920257,-0.3441941293202526,-0.6206862124856558,,-0.19089003276943473,-1.5974800275935692
4,BZ,2019,1.95083333333333,11.0,2.485,9.06666666666667,1.23166666666667,4.64126778176854,66.1423528976152,5.68732526946619,0.1870693851818142,4.097111348176732,,7.11583333333334,7.835,-1.5258954114908114,-0.6363636363636367,-0.4437766811433628,-1.7167854442602355,-0.042638749999996506,-0.311413100105395,0.3750076296467597,1.3889467901986459,-0.42710736678466915,2.3047839047766763,,-0.19089003276942496,-1.6741466942602399
4,BZ,2020,2.18,11.0,2.65583333333333,8.73416666666667,1.27,11.9226315140433,86.2859300309802,5.07598781793233,0.12143464461469262,-14.452200183644132,,6.554166666666671,7.464166666666671,-1.2967287448241414,-0.6363636363636367,-0.2729433478100325,-2.049285444260235,-0.004305416666666506,6.969950632169365,20.51858476301176,0.777609338664786,-0.49274210735179075,-16.24452762704419,,-0.7525566994360942,-2.044980027593569
4,BZ,2021,2.22916666666667,11.0,2.65166666666667,8.43833333333333,1.2675,12.3914957067023,81.9049234711377,4.72704901727815,3.2356365923704398,18.379549186992215,,6.209166666666661,7.170833333333331,-1.2475620781574714,-0.6363636363636367,-0.2771100144766927,-2.3451187775935747,-0.006805416666666453,7.4388148248283645,16.13757820316927,0.4286705380106053,2.6214598404039564,16.58722174359216,,-1.0975566994361037,-2.338313360926909
4,BZ,2022,2.22238526797298,11.0,2.65027836776693,8.52349151589079,0.916666666666667,3.48102357073647,72.6009089556434,4.26214447345481,6.27689319447556,16.709482605653882,,6.30110624791781,7.606824849224123,-1.2543434768511617,-0.6363636363636367,-0.2784983133764327,-2.259960595036116,-0.35763874999999956,-1.4716573111374647,6.8335636876749675,-0.036234005812734615,5.662716442509077,14.917155162253827,,-1.0056171181849551,-1.9023218450361172
4,BZ,2023,2.0825,11.0,2.65166666666667,8.4375,0.635833333333333,,,,,,,6.355,7.801666666666667,-1.3942287448241415,-0.6363636363636367,-0.2771100144766927,-2.3459521109269055,-0.6384720833333335,,,,,,,-0.9517233661027644,-1.707480027593573
5,DM,2010,3.26046502123527,,3.49878343165221,9.45501398850831,6.4,2.63746494079331,82.8231962193988,5.37455724124791,,,,6.194548967273041,3.0550139885083105,0.8229035795465673,,0.7701561550692673,1.034887215118701,2.807296296296297,-0.041008069880934084,-16.350132987262597,1.1898792643184937,,,,0.2119836355721354,-2.03921066970862
5,DM,2011,3.20236000980138,,3.4614840613466,8.84037965492994,6.4,2.64586416053922,83.7928822079311,5.17528635142884,1.1312313652649948,1.4580036450091167,,5.63801964512856,2.4403796549299397,0.7647985681126772,,0.7328567847636571,0.42025288154033014,2.807296296296297,-0.032608850135023904,-15.380446998730292,0.9906083744994234,0.6710531708012811,0.9120170865166837,,-0.34454568657234574,-2.6538450032869907
5,DM,2012,3.09811538483005,,3.29154214596758,9.04298186920945,4.34583333333333,11.3018458804814,96.1472209107866,4.94141805570827,1.3567714780879014,-2.9997708405715624,,5.9448664843794,4.697148535876121,0.6605539431413474,,0.5629148693846373,0.6228550958198404,0.7531296296296262,8.623372869807156,-3.026108295874792,0.7567400787788534,0.8965932836241878,-3.5457573990639952,,-0.03769884732150608,-0.3970761223408097
5,DM,2013,3.0504127481322,,3.29751166831214,9.07396001934442,2.80741666666667,3.04276880208974,96.6272357999963,5.5311319526454,-0.04641164688020189,2.5308834848611887,,6.023547271212221,6.2665433526777505,0.6128513064434973,,0.5688843917291972,0.6538332459548108,-0.7852870370370337,0.36429579141549606,-2.5460934066650935,1.346453975715984,-0.5065898413439156,1.9848969263687557,,0.040981939511315346,1.1723186944608202
5,DM,2014,2.87471752791016,,3.14337573513384,8.93663314196025,1.97483333333333,4.96958397524299,97.1155282465947,4.98205278396925,0.7992503726871945,4.4418016946632966,,6.06191561405009,6.96179980862692,0.4371560862214574,,0.41474845855089715,0.5165063685706404,-1.6178703703703734,2.2911109645687455,-2.057800960066686,0.7973748070398337,0.3390721782234808,3.8958151361708637,,0.07935028234918384,1.8675751504099898
5,DM,2015,2.45091666666667,,2.58525,8.66866666666666,3.24125,3.52084404608907,96.7592243782492,4.14505171253287,-0.8438269846376525,3.9020467420080225,,6.21774999999999,5.42741666666666,0.013355224977967595,,-0.14337727658294286,0.24853989327704973,-0.35145370370370355,0.8423710354148262,-2.414104828412192,-0.039626264396546595,-1.3040051791013663,3.3560601835155897,,0.2351846682990839,0.3331920084497293
5,DM,2016,1.905,,2.195,8.2775,3.43,6.11641035623905,96.3530485531745,2.50200716738332,0.1418162257325104,6.56374358728484,,6.3725,4.8475,-0.5325614416887026,,-0.5336272765829428,-0.14262677338961005,-0.16270370370370335,3.437937345564806,-2.82028065348689,-1.6826708095460963,-0.31836196873120326,6.017757028792407,,0.3899346682990936,-0.24672465821693024
5,DM,2017,1.755,,2.155,8.075,1.885,17.206553352723,124.771515207465,3.06533636116732,0.2962528892785989,-9.488886889228825,,6.319999999999999,6.1899999999999995,-0.6825614416887027,,-0.5736272765829429,-0.3451267733896106,-1.7077037037037035,14.528080342048755,25.598186000803608,-1.1193416157620963,-0.16392530518511478,-10.034873447721258,,0.3374346682990934,1.0957753417830691
5,DM,2018,1.63479283333333,,2.14808416666667,7.81221991666667,1.85,1.56608313906501,119.137473894437,3.45456272243771,0.9891911191900957,6.369168933169533,,6.17742708333334,5.962219916666671,-0.8027686083553727,,-0.5805431099162726,-0.6079068567229395,-1.7427037037037034,-1.112389871609234,19.9641446877756,-0.7301152544917064,0.5290129247263821,5.8231823746771,,0.19486175163243402,0.8679952584497403
5,DM,2019,1.76815416666667,,2.12304383333333,7.53996066666667,,-11.7841644855541,95.3422578203071,3.75745452366616,1.5046235385817972,10.232461879456297,,5.7718065,,-0.6694072750220326,,-0.6055834432496128,-0.8801661067229398,,-14.462637496228345,-3.831071386354296,-0.4272234532632564,1.0444453441180834,9.686475320963863,,-0.2107588317009057,
5,DM,2020,1.8132415,,2.115825,6.89907858333333,,-11.760051050292,102.037038034935,3.10259887403653,-0.7271164126681023,-17.54958665172758,,5.08583708333333,,-0.6243199416887026,,-0.6128022765829426,-1.5210481900562796,,-14.438524060966245,2.8637088282736016,-1.0820791028928864,-1.187294607131816,-18.095573210220014,,-0.8967282483675758,
5,DM,2021,1.682821,,2.0656705,6.29791625,,1.83088088230405,94.3520504862528,2.74521263574156,1.4831944499813192,10.125020200091077,,4.61509525,,-0.7547404416887027,,-0.6629567765829427,-2.12221052338961,,-0.8475921283701939,-4.821278720408586,-1.4394653411878564,1.0230162555176054,9.579033641598643,,-1.3674700817009056,
5,DM,2022,1.616007,,2.02449675,6.53699175,,-1.25656217166176,85.1642395417325,2.53163644646738,7.780615251641176,9.396219367404376,,4.920984750000001,,-0.8215544416887026,,-0.7041305265829427,-1.8831350233896096,,-3.935035182336004,-14.009089664928894,-1.653041530462036,7.320437057177463,8.850232808911942,,-1.0615805817009054,
5,DM,2023,1.6315985,,2.0545535,5.935577,,,,,3.4811580044754575,,,4.3039785,,-0.8059629416887026,,-0.6740737765829428,-2.4845497733896096,,,,,3.020979810011744,,,-1.6785868317009056,
6,GD,2010,3.0791529145947,,2.98489846406222,10.5750130912526,6.25,3.15472051596851,99.472541575558,6.43655878238542,,,,7.4958601766579,4.3250130912526,1.006785742733335,,0.39834282694663736,1.7029136671996028,0.8478703703703694,0.48540918184184,9.793164929535038,1.5243899170876087,,,,0.6961279244662659,0.4839352025952315
6,GD,2011,3.11242785468312,,3.12729091641473,10.6859790060702,5.91416666666667,0.361960011872599,98.852961610179,6.3765903850565,3.0334728033469958,0.9909979152055546,,7.57355115138708,4.77181233940353,1.0400606828217551,,0.5407352792991471,1.8138795820172025,0.5120370370370395,-2.3073513222540707,9.173584964156035,1.4644215197586883,2.321316138221981,-2.1298758107985627,,0.7738188991954456,0.930734450746161
6,GD,2012,2.85812865297234,,3.06496524499242,9.72590000699412,5.995,-4.99294656724075,91.4250651426762,6.12036761046327,2.4107770402186315,2.7259711658747006,,6.86777135402178,3.73090000699412,0.785761481110975,,0.4784096078768374,0.8538005829411226,0.5928703703703695,-7.66225790136742,1.7456884966532442,1.2081987451654586,1.6986203750936169,-0.3949025601294167,,0.06803910183014583,-0.11017788166324882
6,GD,2013,2.64045982931596,,3.04268366362013,9.27020682532407,6.0,3.76671386175374,90.0571055821276,5.03973387207579,-0.04399978648242674,5.3369017632241915,,6.629746996008111,3.2702068253240704,0.5680926574545948,,0.45612802650454753,0.3981074012710728,0.5978703703703694,1.0974025276270702,0.37772893610464564,0.12756500677797877,-0.7561564516074414,2.2160280372200742,,-0.16998525618352378,-0.5708710633332985
6,GD,2014,2.39954130557555,,3.0326889691819,9.18598040160867,6.0,6.16586562216214,88.3850844158283,4.74039169787663,-0.9836030555549701,8.18790825252534,,6.786439096033121,3.1859804016086706,0.3271741337141849,,0.4461333320663172,0.313880977555673,0.5978703703703694,3.49655428803547,-1.2942922301946567,-0.17177716742118143,-1.6957597206799848,5.067034526521223,,-0.013293156158513675,-0.6550974870486983
6,GD,2015,1.82766666666667,,2.40691666666667,8.96258333333333,5.86833333333333,7.32287990569378,86.7217079259413,4.36736147690609,-0.5154480314350461,9.37384457238513,,7.134916666666659,3.0942499999999997,-0.24470050519469488,,-0.17963897044891253,0.09048390928033179,0.466203703703699,4.65356857156711,-2.9576687200816565,-0.5448073883917219,-1.2276046965600607,6.252970846381013,,0.3351844144750249,-0.7468278886573692
6,GD,2016,1.54,,2.21,8.635,5.27166666666667,4.48198505962144,85.0922576166172,4.34964222410733,1.6503899443155279,6.481619067431425,,7.095,3.3633333333333297,-0.532367171861365,,-0.3765556371155827,-0.23709942405299778,-0.13046296296296056,1.8126737254947702,-4.5871190294057556,-0.5625266411904812,0.9382332791905132,3.360745341427308,,0.2952677478083654,-0.47774455532403914
6,GD,2017,1.4475,,2.22,8.3125,3.66,3.0912914956685,82.7318341092668,4.67694086738639,0.9084582558736845,6.146385710298627,,6.865,4.6525,-0.624867171861365,,-0.3665556371155825,-0.5595994240529976,-1.7421296296296305,0.42198016154183016,-6.94754253675616,-0.23522799791142113,0.19630159074866982,3.0255119842945093,,0.06526774780836586,0.811422111342631
6,GD,2018,1.38533516666667,,2.22175775,7.835705,3.66,9.2462199780474,87.2179276023228,4.35133045979722,0.8041023132777867,3.6525172715261394,,6.45036983333333,4.175705,-0.687032005194695,,-0.3647978871155826,-1.0363944240529976,-1.7421296296296305,6.57690864392073,-2.4614490437001564,-0.5608384055005917,0.09194564815277206,0.5316435455220221,,-0.34936241885830466,0.3346271113426309
6,GD,2019,1.33825333333333,,2.20115216666667,7.57102791666667,,-2.02960034005418,82.1403261496577,4.21774773471034,0.5981497647356505,1.8412698379479855,,6.23277458333334,,-0.734113838528035,,-0.3854034704489129,-1.301071507386328,,-4.6989116741808505,-7.539050496365263,-0.6944211305874717,-0.11400690038936412,-1.2796038880561318,,-0.5669576688582945,
6,GD,2020,1.16757316666667,,1.93975816666667,6.83319808333333,,-1.20666486809981,94.3763313760777,3.35719240751096,-0.7407325970456852,-13.528678296377915,,5.66562491666666,,-0.904794005194695,,-0.6467974704489128,-2.0389013407196677,,-3.8759762022264796,4.696954730054742,-1.5549764577868515,-1.4528892621706997,-16.649552022382032,,-1.1341073355249742,
6,GD,2021,1.17161875,,1.9427265,6.5453035,,8.49567505876393,95.1543333250868,3.06780899231682,1.2195119391682945,9.158112731767604,,5.373684750000001,,-0.9007484218613651,,-0.6438291371155827,-2.3267959240529974,,5.826363724637259,5.474956679063837,-1.8443598729809914,0.5073552740432798,6.037239005763487,,-1.4260475021916337,
6,GD,2022,0.890565,,1.641194,6.438381,,9.88630030468946,96.5968006881923,3.15793591713049,2.5805392590797545,6.2344489096980045,,5.547815999999999,,-1.181802171861365,,-0.9453616371155826,-2.433718424052998,,7.21698897056279,6.917424042169344,-1.7542329481673216,1.8683825939547398,3.113575183693887,,-1.2519162521916352,
6,GD,2023,0.898937,,1.7808905,6.9300195,,,,,2.696122698145456,,,6.0310825,,-1.173430171861365,,-0.8056651371155827,-1.9420799240529973,,,,,1.9839660330204414,,,-0.7686497521916342,
7,KN,2010,4.59337940425058,,3.54037776527409,8.61681004027483,6.75,6.41492283315476,112.897460097412,5.20643100719484,,,,4.0234306360242496,1.8668100402748298,1.4975559636613087,,0.6455403680726013,-0.24728673494999143,0.0,4.058925814855941,-13.019612348647641,1.2452886704422865,,,,-1.7448426986112997,-0.27625006478401026
7,KN,2011,4.46535566484007,,3.51804201516979,9.44508791429837,6.75,9.66290072614756,115.310811303013,3.94702435764702,5.835165195708996,7.367787072360713,,4.9797322494583,2.6950879142983695,1.3695322242507983,,0.6232046179683013,0.5809911390735483,0.0,7.3069037078487415,-10.606261143046638,-0.014117979105533252,5.517347181226277,4.780073754586757,,-0.7885410851772496,0.5520278092395294
7,KN,2012,4.27461850682493,,3.3474137402463,8.73398885413872,6.75,11.9737601465883,130.793434843998,4.09717231061756,0.8160892815623594,-1.179388449744424,,4.459370347313791,1.9839888541387207,1.1787950662356583,,0.45257634304481087,-0.13010792108610048,0.0,9.61776312828948,4.876362397938365,0.1360299738650066,0.4982712670796407,-3.7671017675183798,,-1.3089029873217584,-0.1590712509201193
7,KN,2013,3.7362458644477,,3.34022138669595,8.77635361152344,6.75,11.0358533067774,137.008440279982,3.96976836598634,1.1069855400008326,5.948062812593354,,5.040107747075741,2.02635361152344,0.6404224238584284,,0.4453839894944611,-0.08774316370138102,0.0,8.67985628847858,11.091367833922376,0.00862602923378697,0.7891675255181139,3.3603494948193977,,-0.7281655875598085,-0.11670649353539986
7,KN,2014,3.18368773945204,,3.30074987849692,9.281492190571,,10.6916567658012,139.203431734065,4.05448362989791,0.2478653923654038,8.988827329329403,,6.097804451118961,,0.08786429886276848,,0.4059124812954309,0.41739541534617963,,8.335659747502381,13.286359288005357,0.093341293145357,-0.06995262211731487,6.401114011555448,,0.3295311164834116,
7,KN,2015,2.723,,2.69458333333333,9.29691666666667,,4.85679116978138,145.375642906071,4.824227911913,-2.3018756304559678,0.4553974794342033,,6.57391666666667,,-0.37282344058927164,,-0.20025406386815892,0.4328198914418486,,2.500794151482561,19.45857046001136,0.8630855751604467,-2.6196936449386863,-2.1323158383397525,,0.8056433320311207,
7,KN,2016,2.5,,2.5525,9.23,,-0.439056633860097,137.506985705041,4.32134203372273,-0.6870371232942305,5.27281743995213,,6.73,,-0.5958234405892715,,-0.3423373972014887,0.3659032247751792,,-2.7950536521589164,11.589913258981355,0.36019969697017684,-1.0048551377769492,2.6851041221781737,,0.9617266653644512,
7,KN,2017,2.2675,,2.3925,9.0925,,-2.46606256199916,127.650922630608,3.70041358582585,0.6949167116130291,5.12378549517301,,6.824999999999999,,-0.8283234405892714,,-0.5023373972014888,0.22840322477517816,,-4.82205958029798,1.7338501845483592,-0.26072875092670333,0.37709869713031047,2.536072177399054,,1.05672666536445,
7,KN,2018,2.07676683333333,,2.38728483333333,8.85792016666667,,-2.57396168531748,122.299794208923,3.62384146436696,-1.0371221413159093,1.6846023268000387,,6.781153333333339,,-1.0190566072559415,,-0.5075525638681588,-0.006176608558151386,,-4.929958703616299,-3.617278237136631,-0.33730087238559303,-1.354940155798628,-0.9031109909739172,,1.01287999869779,
7,KN,2019,2.00926616666667,,2.357658,8.52342308333333,,-15.1175872982392,100.912328221803,3.07955509510669,-0.329562063663593,8.00848233852974,,6.514156916666661,,-1.0865572739226015,,-0.5371793972014891,-0.34067369189149055,,-17.47358431653802,-25.00474422425664,-0.881587241645863,-0.6473800781463117,5.420769020755785,,0.7458835820311114,
7,KN,2020,2.22423766666667,,2.41188041666667,7.650572,,-8.12324956754765,116.12854497574,2.74830594199918,-1.1672450176937337,-15.793240666688604,,5.4263343333333305,,-0.8715857739226016,,-0.48295698053481884,-1.2135247752248208,,-10.479246585846468,-9.788527470319636,-1.212836394753373,-1.4850630321764524,-18.38095398446256,,-0.34193900130221877,
7,KN,2021,2.255278,,2.41243975,7.14461925,,8.86009200757073,130.148766345872,3.3106361278023,1.1956888703840132,-3.1129902366328337,,4.889341249999999,,-0.8405454405892714,,-0.48239764720148903,-1.7194775252248213,,6.504094989271911,4.231693899812356,-0.6505062089502531,0.8778708559012944,-5.70070355440679,,-0.87893208463555,
7,KN,2022,2.0531835,,2.152019,7.05012091666667,,3.73967844766491,120.048670251499,3.9432564808112,2.6681753311131637,12.467644521138736,,4.99693741666667,,-1.0426399405892717,,-0.7428183972014888,-1.813975858558151,,1.3836814293660908,-5.86840219456063,-0.017885855941353057,2.3503573166304452,9.87993120336478,,-0.7713359179688792,
7,KN,2023,1.999894,,2.15166025,6.6677805,,,,,3.55711230848223,,,4.6678865,,-1.0959294405892714,,-0.743177147201489,-2.196316275224821,,,,,3.2392942939995115,,,-1.1003868346355494,
8,VC,2010,2.85959053880217,,3.31509380021636,9.17183767616861,4.94308333333333,2.6761409663523,63.3322187076414,4.04851199126433,,,,6.312247137366439,4.228754342835279,0.5564752863570148,,0.5688802512349116,0.2346375791400277,1.367562499999997,-0.2963105962425274,-6.694150852503341,0.3079071926609802,,,,-0.32183770721698757,-1.38087038432902
8,VC,2011,2.99205474004285,,3.41817309229294,9.13637805336276,4.16316666666667,2.16135392057332,65.3039694918973,5.20089603104738,3.1860311155249974,,,6.14432331331991,4.97321138669609,0.6889394875976951,,0.6719595433114915,0.19917795633417867,0.5876458333333363,-0.8110976420215077,-4.722400068247438,1.4602912324440305,2.2197683372311485,,,-0.4897615312635164,-0.6364133404682084
8,VC,2012,2.87588175810801,,3.25312172269442,9.41440897330206,3.9635,4.891295502403,66.974752198668,4.40397259431883,2.5984441414702184,,,6.5385272151940494,5.4509089733020595,0.5727665056628548,,0.5069081737129717,0.47720887627347786,0.3879791666666663,1.918843939808172,-3.051617361476744,0.6633677957154807,1.6321813631763695,,,-0.0955576293893774,-0.15871575386223924
8,VC,2013,2.7331220152054,,3.16348358625411,9.43978132892116,3.43725,6.74603670807137,68.2445363440386,3.86331702430247,0.8051278042684099,,,6.706659313715761,6.00253132892116,0.43000676276024485,,0.41727003727266165,0.5025812318925791,-0.13827083333333334,3.773585145476542,-1.7818332161061505,0.12271222569912066,-0.16113497402543908,,,0.07257446913233423,0.3929066017568612
8,VC,2014,2.63710122473827,,3.18480275400476,9.14600845222647,3.2555,8.69932424744889,73.5925621293865,3.60500805118823,0.1938585607942943,8.125065907413262,,6.5089072274882,5.89050845222647,0.3339859722931151,,0.43858920502331156,0.20880835519788832,-0.3200208333333334,5.726872684854063,3.5661925692417498,-0.13559674741511962,-0.7724042174995547,4.8726658314320135,,-0.12517761709522723,0.2808837250621714
8,VC,2015,2.11941666666667,,2.4675,9.30275,2.92666666666667,4.16531298826489,75.1321278900033,3.55976954405289,-1.7336119495397657,11.08889647437461,,7.18333333333333,6.37608333333333,-0.18369858577848497,,-0.2787135489814485,0.3655499029714182,-0.6488541666666636,1.192861425670062,5.10575832985856,-0.18083525455045946,-2.6998747278336146,7.836496398393362,,0.5492484887499032,0.7664586061690315
8,VC,2016,1.895,,2.2875,9.1175,3.05333333333333,1.88013018455346,73.9363782736444,3.13159186203509,-0.14964164763376028,-3.4888723058689264,,7.2225,6.06416666666667,-0.408115252445155,,-0.4587135489814482,0.1802999029714183,-0.5221875000000034,-1.0923213780413676,3.91000871349965,-0.6090129365682593,-1.1159044259276092,-6.741272381850175,,0.5884151554165733,0.4545419395023709
8,VC,2017,1.865,,2.3125,8.7525,2.86166666666667,1.39519433063891,72.3269998683575,3.35336344072912,2.1533364884057717,4.092567155761342,,6.887499999999999,5.89083333333333,-0.43811525244515503,,-0.4337135489814483,-0.18470009702858192,-0.7138541666666636,-1.5772572319559175,2.30063030821276,-0.3872413578742293,1.1870737101119229,0.8401670797800938,,0.25341515541657245,0.2812086061690309
8,VC,2018,1.82420491666667,,2.26070541666667,8.48572125,,1.23902874364482,69.8868955002534,3.64485813189633,2.3241448536786535,4.329721226950981,,6.66151633333333,,-0.47891033577848496,,-0.4855081323147785,-0.4514788470285822,,-1.7334228189500076,-0.13947405989134154,-0.09574666670701948,1.3578820753848047,1.0773211509697322,,0.027431488749902755,
8,VC,2019,1.80399266666667,,2.28809125,8.35136941666667,,5.40132286471166,71.5235166140045,3.36896063313434,0.9130697253252256,-1.2685901436116063,,6.54737675,,-0.4991225857784851,,-0.4581222989814484,-0.5858306803619122,,2.4288713021168324,1.4971470538597629,-0.37164416546900947,-0.05319305296862342,-4.520990219592855,,-0.0867080945834271,
8,VC,2020,1.72890325,,2.25737741666667,7.99094591666667,,-6.55817326811951,70.0361081436973,2.96640348066783,-0.6281313093555568,-0.11198778315092359,,6.2620426666666695,,-0.5742120024451551,,-0.4888361323147783,-0.9462541803619118,,-9.530624830714338,0.009738583552561408,-0.7742013179355194,-1.5943940876494058,-3.3643878591321723,,-0.3720421779167573,
8,VC,2021,1.72559075,,2.2539035,7.650287,,12.7816112543839,78.7061111180467,2.20098022296657,1.5727293250059498,0.03269972311403208,,5.924696249999999,,-0.577524502445155,,-0.4923100489814485,-1.2869130970285818,,9.809159691789073,8.679741557901963,-1.5396245756367795,0.6064665467121008,-3.2197003528672163,,-0.7093885945834275,
8,VC,2022,1.35908325,,1.940671,7.3919885,,0.207971817164454,72.5226067837773,2.14845171135341,5.660097792265434,1.0176053796809974,,6.03290525,,-0.944032002445155,,-0.8055425489814483,-1.5452115970285814,,-2.7644797454303736,2.496237223632562,-1.5921530872499394,4.693835013971585,-2.234794696300251,,-0.6011795945834271,
8,VC,2023,1.238412,,1.786695,7.16251175,,,,,4.564577198149034,,,5.92409975,,-1.064703252445155,,-0.9595185489814484,-1.7746883470285812,,,,,3.598314419855185,,,-0.709985094583427,
9,LC,2010,3.32395058557246,,3.38088873062089,10.6165388642549,4.5,1.82117740299474,75.1123377802653,5.39840386554585,,,,7.292588278682441,6.116538864254901,0.9587694522330161,,0.5425929739269915,1.814078030502296,0.460740740740742,1.153007830020811,3.5267557085030177,0.38943913934020813,,,,0.8553085782692786,1.0480317248535682
9,LC,2011,3.49423406657196,,3.39836960147035,10.0020504342406,4.525,3.20269499345791,73.2680704817539,5.38394249628111,2.7694079414410027,6.10628067465557,,6.50781636766864,5.477050434240599,1.1290529332325163,,0.5600738447764515,1.199589600487995,0.48574074074074236,2.534525420483981,1.6824884099916062,0.37497777007546773,1.9000173352883123,4.849855241223146,,0.07053666725547725,0.40854329483926666
9,LC,2012,3.05805383397249,,3.26691501278693,9.50031901972522,5.125,3.27920416149163,74.2579792969772,5.11622561627434,4.177635871025336,1.7985442592157868,,6.4422651857527296,4.37531901972522,0.6928727006330462,,0.42861925609303153,0.6978581859726152,1.085740740740742,2.611034588517701,2.672397225214908,0.10726089006869799,3.3082452648726455,0.5421188257833629,,0.004985485339567219,-0.6931881196761127
9,LC,2013,2.93423818513956,,3.26161272517842,9.07521429780519,6.0,2.9904244517038,73.6218780143943,6.358703706077,1.4685651103540962,3.738813543684829,,6.14097611266563,3.0752142978051893,0.5690570518001161,,0.42331696848452127,0.2727534640525846,1.960740740740742,2.322254878729871,2.036295942632009,1.3497389798713577,0.5991745042014057,2.4823881102524052,,-0.2963035877475324,-1.9932928415961433
9,LC,2014,2.80022812881075,,3.22336483690963,8.99774238858608,5.35,2.83147651290813,71.8517993379837,4.87814479631271,3.516955513692773,5.418324921626605,,6.19751425977533,3.64774238858608,0.4350469954713061,,0.3850690802157315,0.19528155483347476,1.3107407407407416,2.163306939934201,0.2662172662214175,-0.13081992989293223,2.6475649075400827,4.161899488194182,,-0.23976544063783223,-1.4207647508152528
9,LC,2015,2.27358333333333,,2.74816666666667,8.85541666666667,3.56,5.4182008042381,73.3166035114182,4.17268740233796,-0.9836009526972632,3.0687138819757878,,6.58183333333334,5.29541666666667,-0.0915978000061135,,-0.09012909002722846,0.05295583291406558,-0.47925925925925794,4.75003123126417,1.7310214396559047,-0.8362773238676819,-1.8529915588499537,1.812288448543364,,0.14455363292017775,0.2269095272653372
9,LC,2016,1.8675,,2.4825,8.4725,3.33333333333333,1.0031891065554,71.7404511648407,4.3803714182583,-3.078217656769794,3.0694305183245003,,6.605,5.13916666666667,-0.49768113333944375,,-0.35579575669389873,-0.32996083375260454,-0.7059259259259281,0.33501953358147096,0.15486909307841756,-0.6285933079473418,-3.9476082629224845,1.8130050848920765,,0.1677202995868381,0.0706595272653372
9,LC,2017,1.6575,,2.385,8.34,1.98,2.87487061975214,68.9515351170072,4.27875194736825,0.10426207895861737,7.0380591236673355,,6.6825,6.359999999999999,-0.7076811333394437,,-0.4532957566938989,-0.4624608337526048,-2.059259259259258,2.206701046778211,-2.6340469547550924,-0.7302127788373918,-0.7651285271940731,5.781633690234912,,0.24522029958683778,1.2914928605986669
9,LC,2018,1.57237858333333,,2.369016,8.11011591666667,1.98,4.9599612564093,70.2480816948982,5.0557276733913,1.9356189315060328,3.4202618985792292,,6.53773733333334,6.13011591666667,-0.7928025500061138,,-0.4692797566938989,-0.6923449170859346,-2.059259259259258,4.29179168343537,-1.3375003768640852,0.0467629471856581,1.0662283253533422,2.1638364651468054,,0.10045763292017806,1.061608777265337
9,LC,2019,1.50433291666667,,2.35903066666667,7.72247983333333,,-8.34166713472733,62.9958241922472,5.07726744473791,0.5390875591923002,2.598730227052614,,6.21814691666666,,-0.8608482166727738,,-0.4792650900272286,-1.0799810004192745,,-9.00983670770126,-8.58975787951509,0.06830271853226755,-0.33030304696039026,1.34230479362019,,-0.21913278374650247,
9,LC,2020,1.53099283333333,,2.34638908333333,7.13469175,,-12.6896668720706,72.0768421975993,4.99838562167733,-1.7558083351761962,-23.692904714458017,,5.60369891666667,,-0.8341883000061137,,-0.4919066733605688,-1.6677690837526047,,-13.357836445044528,0.49126012583701595,-0.010579104528312122,-2.6251989413288865,-24.94933014789044,,-0.8335807837464921,
9,LC,2021,1.3925195,,2.21662075,6.75742416666667,,14.8643979502173,67.7335246175637,3.06690392001993,2.410703121743558,13.484207029580327,,5.36490466666667,,-0.9726616333394438,,-0.6216750066938985,-2.0450366670859346,,14.196228377243372,-3.8520574541985866,-1.942060806185712,1.5413125155908678,12.227781596147903,,-1.072375033746492,
9,LC,2022,1.20140241666667,,2.0841645,6.5128745,,4.05488797374227,58.974688454488,3.55243093444292,6.378146951333524,25.783694058539265,,5.31147208333333,,-1.1637787166727738,,-0.7541312566938987,-2.289586333752605,,3.386718400768341,-12.610893617274286,-1.456533791762722,5.508756345180833,24.527268625106842,,-1.1258076170798326,
9,LC,2023,1.23128675,,2.08322725,6.405454,,,,,4.070608219262484,,,5.17416725,,-1.1338943833394437,,-0.7550685066938985,-2.397006833752605,,,,,3.2012176131097934,,,-1.2631124504131623,
10,MS,2010,2.59941095075841,,3.36679084687577,8.72624916557113,,,,,,,,6.12683821481272,,0.9235062130464351,,0.8195185559398173,1.1772045737936327,0.0,0.0,0.0,0.0,,,,0.2536983607471983,0.0
10,MS,2011,2.4200745667284,,3.28594734410052,8.55941149168975,,,,,3.6677781145800026,14.751801441152931,,6.139336924961349,,0.7441698290164249,,0.7386750531645672,1.0103668999122526,,,,,2.960737695034138,12.700367188479571,,0.2661970708958279,
10,MS,2012,2.3685143385697,,3.07264865619801,8.16106409051443,,,,,4.765753334647921,-0.9884295598581412,,5.79254975194473,,0.6926096008577252,,0.5253763652620576,0.6120194987369327,,,,,4.058712915102057,-3.0398638125315016,,-0.08059010212079176,
10,MS,2013,2.03921793195387,,3.06259392803737,7.99886575206122,,,,,0.8692761676581028,-7.446121322449926,,5.9596478201073495,,0.363313194241895,,0.5153216371014175,0.4498211602837232,,,,,0.1622357481122385,-9.497555575123286,,0.08650796604182798,
10,MS,2014,1.92554749348801,,3.04864684175047,8.0180221763826,,,,,-0.3814636087899492,-2.4681175052344484,,6.09247468289459,,0.249642755776035,,0.5013745508145173,0.46897758460510275,,,,,-1.0885040283358136,-4.519551757907809,,0.2193348288290684,
10,MS,2015,1.36375,,2.20725,7.821,,,,,-1.1467828190683178,7.734842570908154,,6.45725,,-0.3121547377119749,,-0.3400222909359525,0.2719554082225031,,,,,-1.853823238614182,5.683408318234793,,0.5841101459344786,
10,MS,2016,1.16741666666667,,1.96525,7.20725,,,,,-0.24593358228789092,2.2100114727371514,,6.0398333333333305,,-0.5084880710453048,,-0.5820222909359527,-0.3417945917774965,,,,,-0.9529740018337551,0.15857722006379094,,0.16669347926780897,
10,MS,2017,1.2025,,1.98,6.945,,,,,1.1929187933460388,-4.135404974301412,,5.742500000000001,,-0.473404737711975,,-0.5672722909359527,-0.6040445917774964,,,,,0.4858783738001745,-6.186839226974772,,-0.13063985406552092,
10,MS,2018,0.849261083333333,,2.00093216666667,6.77703641666667,,,,,1.313749968580988,4.658901830282863,,5.9277753333333365,,-0.826643654378642,,-0.5463401242692827,-0.7720081751108268,,,,,0.6067095490351236,2.6074675776095027,,0.05463547926781498,
10,MS,2019,1.18869408333333,,2.00749291666667,6.63943091666667,,,,,-1.0709471473113539,4.36318671612789,,5.450736833333339,,-0.48721065437864497,,-0.5397793742692825,-0.909613675110827,,,,,-1.777987566857218,2.3117524634545297,,-0.4224030207321823,
10,MS,2020,1.310565,,2.0224425,6.1861605,,,,,-1.8939450258968975,1.8336718573685395,,4.875595499999999,,-0.3653397377119749,,-0.5248297909359527,-1.362884091777497,,,,,-2.600985445442762,-0.2177623953048209,,-0.9975443540655222,
10,MS,2021,1.245483,,2.04325,6.1203175,,,,,2.60876070524106,5.529392210094737,,4.8748344999999995,,-0.430421737711975,,-0.5040222909359526,-1.428727091777497,,,,,1.9017202856951956,3.4779579574213764,,-0.998305354065522,
10,MS,2022,1.247394,,2.053494,6.08713008333333,,,,,2.9803524272968955,2.436079172573116,,4.83973608333333,,-0.428510737711975,,-0.4937782909359525,-1.461914508444167,,,,,2.273312007751031,0.3846449198997557,,-1.0334037707321917,
10,MS,2023,1.29558325,,2.0859375,5.86774675,,,,,-1.0894194869806644,,,4.5721635,,-0.38032148771197494,,-0.46133479093595264,-1.6812978417774964,,,,,-1.7964599065265285,,,-1.3009763540655213,
11,AI,2010,3.88597270660553,,3.0632330615284,11.3786746171511,,,,,,,,7.49270191054557,,0.6650505741270694,,0.1165908405940721,2.034770988300995,0.0,0.0,0.0,0.0,,,,1.3697204141739245,0.0
11,AI,2011,3.57431280353431,,3.05144325412078,9.29584046341362,,,,,4.724195105050995,8.536686586985397,,5.72152765987931,,0.35339067105584965,,0.10480103318645195,-0.04806316543648492,,,,,4.069865833497787,7.82606481415517,,-0.401453836492335,
11,AI,2012,4.07435855058689,,3.05933618104267,9.37731104484629,,,,,1.4083841391366023,-3.6057048904523477,,5.302952494259401,,0.8534364181084295,,0.11269396010834187,0.03340741599618546,,,,,0.7540548675833945,-4.316326663282575,,-0.8200290021122445,
11,AI,2013,3.87331718154876,,3.04107543612478,9.07778878432266,,,,,0.1468052383843338,0.6042575697474614,,5.2044716027739,,0.6523950490702997,,0.09443321519045211,-0.26611484452744527,,,,,-0.5075240331688741,-0.10636420308276551,,-0.9185098935977454,
11,AI,2014,3.73026704832091,,3.03927983079431,9.09133209095081,,,,,-0.25362403145858553,10.470908302338106,,5.361065042629901,,0.5093449158424495,,0.09263760985998193,-0.25257153789929454,,,,,-0.9079533030117934,9.76028652950788,,-0.761916453741744,
11,AI,2015,3.47283333333333,,2.75791666666667,9.05241666666667,,,,,-0.9727535690961173,6.174602041544732,,5.579583333333339,,0.2519112008548694,,-0.1887255542676578,-0.29148696218343595,,,,,-1.6270828406493252,5.463980268714505,,-0.5433981630383062,
11,AI,2016,2.8875,,2.7525,9.0075,,,,,-0.5218374125463658,-3.0948859307068264,,6.12,,-0.3334221324784603,,-0.19414222093432798,-0.3364036288501051,,,,,-1.1761666840995737,-3.805507703537053,,-0.0029814963716452425,
11,AI,2017,2.515,,2.815,9.48,,,,,1.2941794862198146,-11.267084480007405,,6.965,,-0.7059221324784604,,-0.13164222093432798,0.13609637114989503,,,,,0.6398502146666067,-11.977706252837631,,0.8420185036283545,
11,AI,2018,2.39880058333333,,2.84182866666667,9.29380225,,,,,0.3763792780998018,12.761604420235079,,6.895001666666671,,-0.8221215491451304,,-0.10481355426765804,-0.050101378850104794,,,,,-0.27794999345340604,12.050982647404853,,0.7720201702950256,
11,AI,2019,2.58464241666667,,2.99145133333333,8.88508325,,,,,0.8151477746464167,18.440790005893863,,6.3004408333333295,,-0.6362797158117903,,0.04480911239900198,-0.4588203788501062,,,,,0.1608185030932089,17.730168233063637,,0.17745933696168414,
11,AI,2020,2.43313883333333,,3.0,8.84319075,,,,,-0.4735832929048164,-31.91495589727579,,6.41005191666667,,-0.7877832991451306,,0.05335777906567207,-0.5007128788501056,,,,,-1.1279125644580241,-32.62557767010602,,0.2870704202950245,
11,AI,2021,2.328882,,3.0000015,7.7962815,,,,,1.7965739752099332,16.45910660800528,,5.4673995,,-0.8920401324784604,,0.05335927906567228,-1.5476221288501053,,,,,1.1422447036567254,15.748484835175052,,-0.6555819963716454,
11,AI,2022,2.10854025,,3.1285965,6.89836825,,,,,5.554542137905216,21.537499999999998,,4.789828,,-1.1123818824784606,,0.18195427906567208,-2.4455353788501055,,,,,4.900212866352008,20.82687822716977,,-1.3331534963716454,
11,AI,2023,2.49369175,,3.51713325,6.9763025,,,,,3.4066361358339776,,,4.48261075,,-0.7272303824784605,,0.5704910290656722,-2.3676011288501053,,,,,2.7523068642807695,,,-1.6403707463716453,
12,TT,2010,1.505,,0.3625,9.2825,0.845833333333333,1.01720238927913,53.8147039113387,1.29879592793422,,,,7.777500000000001,8.436666666666667,0.00454545454545463,,0.14141666666666663,1.006022727272729,-0.0240151515151511,-3.3268851617945385,-7.00306608529506,-0.43268919548670715,,,,1.001477272727274,1.030037878787879
12,TT,2011,1.5,,0.248333333333333,7.96916666666667,0.53,0.78943236096994,47.005790972751,1.19787946998466,5.107132892646007,,-0.12143101784101232,6.46916666666667,7.43916666666667,-0.0004545454545452632,,0.027249999999999636,-0.3073106060606019,-0.33984848484848407,-3.5546551901037287,-13.811979023882756,-0.5336056534362672,1.3589312742075563,,-0.6039620709536782,-0.30685606060605686,0.03253787878788117
12,TT,2012,1.5,,0.2,7.70833333333333,0.365,20.8324283036385,52.680133768063,1.53667976173801,9.260281370682307,,0.2603030114096775,6.20833333333333,7.34333333333333,-0.0004545454545452632,,-0.021083333333333343,-0.5681439393939414,-0.5048484848484841,16.48834075256483,-8.137636228570756,-0.1948053616829173,5.5120797522438565,,-0.22222804170298832,-0.5676893939393963,-0.06329545454545826
12,TT,2013,1.5,,0.2,7.5,0.156666666666667,3.20741842881653,51.6606634916595,1.45740077061664,5.199817404656115,5.244111113047968,0.5316916188610642,6.0,7.343333333333333,-0.0004545454545452632,,-0.021083333333333343,-0.7764772727272717,-0.713181818181817,-1.1366691222571386,-9.157106504974259,-0.2740843528042871,1.4516157862176646,7.795740619306001,0.04916056574839839,-0.7760227272727267,-0.0632954545454556
12,TT,2014,1.5,3.25,0.2,7.5,0.0966666666666667,7.19501492154754,53.8157752023517,1.39067218116226,5.684418145956525,2.902273021425359,-1.1412665274878266,6.0,7.403333333333333,-0.0004545454545452632,-1.1785714285714288,-0.021083333333333343,-0.7764772727272717,-0.7731818181818174,2.8509273704738716,-7.001994794282055,-0.3408129422586672,1.9362165275180745,5.4539025276833915,-1.6237975806004925,-0.7760227272727267,-0.003295454545455101
12,TT,2015,1.5,4.75,0.2,8.1825,0.466666666666667,1.13282755417916,60.1008421398124,1.63618618103978,4.661215980982656,-9.443173865542557,0.8853848921426068,6.682499999999999,7.715833333333332,-0.0004545454545452632,0.3214285714285712,-0.021083333333333343,-0.09397727272727252,-0.4031818181818171,-3.2112599968945084,-0.7169278568213571,-0.09529894238114722,0.9130143625442058,-6.891544359284524,0.40285383902994104,-0.09352272727272748,0.309204545454544
12,TT,2016,1.5,4.75,0.2,9.0,1.15583333333333,2.7896000024118,67.3050721371777,1.68627250518487,3.070667424640394,-8.21283850818382,4.722993193059708,7.5,7.84416666666667,-0.0004545454545452632,0.3214285714285712,-0.021083333333333343,0.7235227272727283,0.28598484848484584,-1.5544875486618683,6.487302140543946,-0.04521261823605727,-0.6775341937980564,-5.661209001925787,4.240462139947042,0.7239772727272733,0.4375378787878814
12,TT,2017,1.5,4.75,0.2,9.0,1.32833333333333,-0.360456789140669,65.0974931538015,1.86978333616598,1.8803844018354658,3.018508330845273,0.14362072284162464,7.5,7.67166666666667,-0.0004545454545452632,0.3214285714285712,-0.021083333333333343,0.7235227272727283,0.45848484848484594,-4.704544340214338,4.279723157167737,0.13829821274505272,-1.8678172166029847,5.570137837103307,-0.33891033027104117,0.7239772727272733,0.265037878787882
12,TT,2018,1.5,5.0,0.2,9.09375,1.5,1.17346972008107,64.52671937622,2.09287334673967,1.0185693018884396,2.0684038730551735,0.23064640132473918,7.59375,7.59375,-0.0004545454545452632,0.5714285714285712,-0.021083333333333343,0.8172727272727283,0.6301515151515159,-3.1706178309925983,3.708949379586244,0.36138822331874265,-2.7296323165500107,4.620033379313206,-0.25188465178792663,0.8177272727272733,0.18712121212121158
12,TT,2019,1.5,5.0,0.2,9.25,1.8725,2.8831569668164,68.7698517324744,2.35974381976473,1.0005429302721576,-3.4647824269011362,-0.12685862638659998,7.75,7.3774999999999995,-0.0004545454545452632,0.5714285714285712,-0.021083333333333343,0.9735227272727283,1.0026515151515158,-1.4609305842572686,7.952081735840636,0.6282586963438026,-2.747658688166293,-0.9131529206431033,-0.6093896794992658,0.9739772727272733,-0.02912878787878892
12,TT,2020,1.5,3.5,,6.555,1.25083333333333,7.12486920321094,84.2184240773214,2.52004905729938,0.5989863308244281,-12.525537587810524,-0.5597731367973238,5.055,5.30416666666667,-0.0004545454545452632,-0.9285714285714288,,-1.721477272727272,0.3809848484848458,2.7807816521372715,23.400654080687644,0.7885639338784529,-3.1492152876140223,-9.97390808155249,-1.0423041899099896,-1.721022727272727,-2.1024621212121186
12,TT,2021,1.5,3.5,,7.4375,0.425833333333333,1.67773922794864,72.656498317965,2.58711514337093,2.0592274691549974,17.857853888893267,0.577777117649679,5.9375,7.011666666666667,-0.0004545454545452632,-0.9285714285714288,,-0.8389772727272717,-0.4440151515151511,-2.6663483231250282,11.838728321331246,0.8556300199500029,-1.6889741492834531,20.409483395151298,0.09524606453701318,-0.8385227272727267,-0.3949621212121217
12,TT,2022,1.5,3.5,,7.48958333333333,0.6475,1.86699431028493,60.3668879594886,2.65535209669502,5.8283863851790905,22.605278320419302,-0.5744580305983805,5.98958333333333,6.84208333333333,-0.0004545454545452632,-0.9285714285714288,,-0.7868939393939414,-0.22234848484848413,-2.4770932407887383,-0.4508820371451563,0.923866973274093,2.08018476674064,25.156907826677333,-1.0569890837110463,-0.7864393939393963,-0.564545454545458
12,TT,2023,1.5,3.5,,7.52083333333333,0.9925,,,,4.629302424200147,,0.6045123056128936,6.02083333333333,6.528333333333331,-0.0004545454545452632,-0.9285714285714288,,-0.7556439393939414,0.12265151515151596,,,,0.8811008057616965,,0.12198125250022779,-0.7551893939393963,-0.8782954545454578
13,JM,2010,6.44203879640876,10.5,0.483333333333333,20.4544535988841,9.26166666666667,5.58487492260461,43.675982862313,2.30867096163364,,,,14.012414802475341,11.19278693221743,2.634943230462144,5.681818181818182,0.3484848484848482,4.086314145323865,3.6303985606060616,-4.851442852007559,-6.46732959607867,-0.2523141116110392,,,,1.4513709148617213,0.45591558471780225
13,JM,2011,4.27906586828847,8.0,0.1,19.5092792933096,6.5895375,4.83257696772664,42.5420365244837,2.69294326983878,7.555856465809001,7.627040718957651,0.8959002255229258,15.23021342502113,12.919741793309601,0.4719703023418531,3.1818181818181817,-0.03484848484848485,3.141139839749364,0.9582693939393909,-5.603740806885529,-7.601275933907971,0.13195819659410057,2.0223671941080186,2.044597127333212,-4.3702770423023845,2.6691695374075106,2.1828704458099732
13,JM,2012,3.75100946327855,6.25,0.1,17.6282722449123,6.6171675,8.69960741798332,43.6592957600717,3.23808578195326,6.873977086743095,5.917774036171428,7.17366800995034,13.87726278163375,11.011104744912299,-0.05608610266806657,1.4318181818181817,-0.03484848484848485,1.2601327913520635,0.9858993939393912,-1.7367103566288495,-6.484016698319969,0.6771007087085805,1.3404878150421133,0.33533044454698935,1.90749074212503,1.31621889402013,0.2742333974126705
13,JM,2013,3.69570341658073,6.25,0.1,17.7164575640672,7.2927875,12.8163984045426,45.1974396269524,3.54552569475033,9.341500765696638,8.977152097403215,14.566617367283413,14.020754147486468,10.423670064067199,-0.1113921493658867,1.4318181818181817,-0.03484848484848485,1.3483181105069626,1.6615193939393915,2.380080629930431,-4.945872831439267,0.9845406215056509,3.8080114939956564,3.394708505778776,9.300440099458104,1.459710259872848,-0.3132012834324289
13,JM,2014,4.5224800638036,5.75,0.1,17.2170086447286,8.29427666666667,6.74721431283641,44.8110852628213,2.51854542654313,8.274078862314436,7.667572564967712,7.867164684371379,12.694528580925002,8.92273197806193,0.715384497856983,0.9318181818181817,-0.03484848484848485,0.8488691911683652,2.6630085606060616,-3.689103461775759,-5.332227195570368,-0.042439646701549094,2.740589590613454,2.0851289733432727,2.6009874165460687,0.13348469331138269,-1.8141393694376973
13,JM,2015,3.89465196431901,5.25,0.1,16.9765058224301,6.5896825,13.3969688240833,47.2085200313073,2.29882155164325,3.6915422885568696,7.63822367554898,4.929145904362275,13.081853858111089,10.386823322430098,0.08755639837239348,0.43181818181818166,-0.03484848484848485,0.6083663688698628,0.9584143939393917,2.9606510494711316,-2.9347924270843677,-0.2621635216014293,-1.8419469831441124,2.0557800839245415,-0.3370313634630353,0.5208099704974689,-0.3500480250695297
13,JM,2016,3.55582802276644,5.0,0.1,16.4885271204668,5.95348416666667,13.4310372958956,50.4687646421369,2.15847055516542,2.3510219748586696,6.10347676083961,6.490669503770972,12.93269909770036,10.53504295380013,-0.25126754318017674,0.18181818181818166,-0.03484848484848485,0.12038766690656288,0.32221606060606156,2.9947195212834306,0.32545218374522733,-0.4025145180792591,-3.1824672968423124,0.5210331692151708,1.2244922359456618,0.37165521008673963,-0.20182839369949868
13,JM,2017,3.71069502900073,3.25,0.1,14.9051219370492,5.79488916666667,11.2524472126355,52.1759654616203,2.0434775421837,4.37839864991535,7.612260253552719,-2.749980245518095,11.19442690804847,9.110232770382531,-0.09640053694588646,-1.5681818181818183,-0.03484848484848485,-1.4630175165110355,0.16362106060606152,0.8161294380233315,2.0326530032286314,-0.5175075310609794,-1.1550906217856323,2.0298166619282805,-8.016157513343405,-1.3666169795651495,-1.626638577117097
13,JM,2018,3.01690729913837,1.75,0.1,14.0940737331496,2.36493166666667,9.89112228594527,53.5970051397074,2.38707223257166,3.736638821522172,6.977533277925094,2.011840317415112,11.077166434011229,11.729142066482929,-0.7901882668082467,-3.0681818181818183,-0.03484848484848485,-2.2740657204106363,-3.2663364393939385,-0.5451954886668986,3.4536926813157294,-0.17391284067301926,-1.7968504501788098,1.395089686300655,-3.2543369504101984,-1.4838774536023909,0.9922707189833009
13,JM,2019,2.55122543814244,0.5,0.1,12.9984552678412,1.90838916666667,9.67137663065789,56.4637570318205,2.4616981122346,3.9051000086585845,4.10319195797659,3.4477768603579184,10.44722982969876,11.09006610117453,-1.2558701278041764,-4.318181818181818,-0.03484848484848485,-3.369684185719036,-3.7228789393939388,-0.7649411439542781,6.32044457342883,-0.09928696101007928,-1.6283892630423975,-1.4792516336478485,-1.8184004074673918,-2.11381405791486,0.3531947536749023
13,JM,2020,2.45844586368569,0.5,0.1,12.0613787623239,1.27713666666667,18.4758712458227,71.7765846990739,2.5175246771737,5.226777792935012,-6.7997894270986095,8.02897005073685,9.60293289863821,10.78424209565723,-1.3486497022609267,-4.318181818181818,-0.03484848484848485,-4.306760691236336,-4.354131439393939,8.03955347121053,21.633272240682224,-0.04346039607097918,-0.30671147876596994,-12.38223301872305,2.76279278291154,-2.9581109889754096,0.04737074815760245
13,JM,2021,2.58532166290237,2.5,0.1,11.4933333333333,1.99479666666667,13.473442228954,72.4820009282026,2.19616950450973,5.8627824280104495,12.369085192747269,8.616919179445198,8.90801167043093,9.49853666666663,-1.2217739030442467,-2.3181818181818183,-0.03484848484848485,-4.8748061202269355,-3.6364714393939384,3.0371244543418303,22.338688469810926,-0.36481556873494947,0.3292931563094674,6.78664160112283,3.3507419116198873,-3.6530322171826892,-1.2383346808329971
13,JM,2022,4.05833333333333,7.0,0.1,11.405,7.31690583333333,8.52102136853479,66.2733379709735,2.50664841590561,10.349568839127409,18.687559920532763,-1.8917300843717868,7.346666666666669,4.08809416666667,0.25123776738671344,2.1818181818181817,-0.03484848484848485,-4.9631394535602364,1.685637727272721,-1.9152964060773794,16.13002551258183,-0.05433665733906912,4.816079567426427,13.105116328908323,-7.157907352197097,-5.21437722094695,-6.648777180832958
13,JM,2023,5.81666666666667,,0.1,11.6516666666667,8.10862916666667,,,,6.474137346620429,,2.158723830891303,5.835000000000029,3.543037500000029,2.0095711007200534,,-0.03484848484848485,-4.7164727868935366,2.4773610606060616,,,,0.940648074919447,,-3.107453436934007,-6.72604388761359,-7.193833847499599
14,FJ,2010,5.41482502809286,,0.989085976228416,7.48964734611671,3.44875,3.50639239938865,67.6410823586535,2.94791658376698,,,,2.07482231802385,4.04089734611671,2.447707591094815,,0.02230577025852787,1.208244854066792,1.8869727401380283,-4.121477589578735,-5.223317861399934,-0.5867920636434563,,,,-1.2394627370280231,-0.6787278860712362
14,FJ,2011,3.74687216824329,0.5,1.07357404306994,7.46605819217571,2.23631692491812,11.0475710651203,66.856629131097,3.03170783436431,7.278117827084999,12.350531310500777,0.05461496450059857,3.71918602393242,5.229741267257591,0.7797547312452453,0.025000000000000022,0.10679383710005197,1.1846557001257922,0.6745396650561482,3.419701076152915,-6.007771088956446,-0.5030008130461261,4.680181270094595,7.136803824954397,-1.1685321587870299,0.40490096888054694,0.510116035069645
14,FJ,2012,1.69769699137568,0.5,0.821397075527319,7.00306444698518,0.5990625,6.2892985683763,67.6528843396108,2.92487340171291,3.423375234019796,5.038303851506235,-1.8230563002678932,5.3053674556095,6.404001946985179,-1.2694204456223648,0.025000000000000022,-0.14538313044256912,0.7216619549352616,-0.9627147598619716,-1.3385714205910846,-5.211515880442647,-0.6098352456975262,0.8254386770293918,-0.17542363404014516,-3.0462034235555215,1.9910824005576266,1.6843767147972333
14,FJ,2013,1.11200026481016,0.5,0.762209756945529,6.10472546158863,0.159,18.9859578290132,74.1727541985573,3.2991663166701,2.913541936039741,8.526957423952087,6.187504999999723,4.99272519677847,5.94572546158863,-1.855117172187885,0.025000000000000022,-0.20457044902435917,-0.17667703046128835,-1.4027772598619717,11.358087840045814,1.3083539785038596,-0.23554233074033615,0.31560537904933694,3.3132299384057067,4.964357876712095,1.6784401417265968,1.226100229400684
14,FJ,2014,1.16900151250928,0.5,0.589698361319372,5.76111099677945,1.16583053734868,10.3953857613076,68.9197294006908,3.65357037325167,0.5193064745791035,18.80924172405187,4.731545392275679,4.5921094842701695,4.59528045943077,-1.7981159244887648,0.025000000000000022,-0.3770818446505161,-0.5202914952704685,-0.39594672251329177,2.7675157723402144,-3.944670819362642,0.11886172584123367,-2.078630082411301,13.595514238505489,3.5083982689880506,1.2778244292182963,-0.12434477275717626
14,FJ,2015,2.45802530738977,0.5,0.875787846209649,5.78930050894162,1.18997023809524,13.9356414797147,73.287030542803,3.73427886873305,1.3748854262146437,7.146285589614927,7.018161694420696,3.33127520155185,4.59933027084638,-0.5090921296082747,0.025000000000000022,-0.09099235976023912,-0.4921019831082978,-0.37180702176673175,6.3077714907473155,0.4226303227495549,0.19957022132261404,-1.2230511307757606,1.932558104068547,5.795014571133068,0.016990146499976877,-0.12029496134156581
14,FJ,2016,2.77195713259191,0.5,0.919772907905868,5.8513236372606,1.24367521367521,4.76207069437768,73.0212504846064,3.96128122843292,3.8632253822127796,5.143502916891488,0.12692741632192198,3.0793665046686898,4.60764842358539,-0.19516030440613497,0.025000000000000022,-0.04700729806402015,-0.4300788547893184,-0.31810204618676163,-2.8657992945897046,0.1568502645529577,0.4265725810224841,1.2652888252223753,-0.07022456865489257,-1.0962197069657065,-0.23491855038318343,-0.11197680860255588
14,FJ,2017,3.25054363622061,0.5,1.24988327582579,5.74051096179291,1.355,8.3014928479263,73.810973356145,3.53957020255953,3.347578347578638,7.143202966893581,-3.6715338748298167,2.4899673255723,4.38551096179291,0.28342619922256507,0.025000000000000022,0.28310306985590195,-0.5408915302570083,-0.2067772598619717,0.6736228589589146,0.9465731360915584,0.00486155514909381,0.7496417905882335,1.9294754813472004,-4.894680998117446,-0.8243177294795734,-0.3341142703950357
14,FJ,2018,3.44487833651211,0.5,1.34282239795811,5.67732659254776,1.40583333333333,2.81629334511398,72.0751835633383,4.24503604128631,4.081476376444933,5.29236330772707,4.3914802359019385,2.2324482560356502,4.27149325921443,0.477760899514065,0.025000000000000022,0.37604219198822186,-0.604075899502158,-0.15594392652864175,-4.811576643853405,-0.7892166567151406,0.7103273938758741,1.483539819454529,0.07863582218068998,3.16833311261431,-1.081836799016223,-0.44813197297351604
14,FJ,2019,4.67763857353932,0.5,1.14919851449962,6.02745671637929,2.56611111111111,2.69397582477328,73.3151959289006,3.82590003128533,1.7731018246027463,0.956682359373761,0.12606219068073232,1.34981814283997,3.46134560526818,1.7105211365412751,0.025000000000000022,0.18241830852973184,-0.25394577567062804,1.0043338512491382,-4.933894164194105,0.4507957088471528,0.29119138387489407,-0.8248347323876579,-4.25704512617262,-1.0970849326068963,-1.9644669122119032,-1.2582796269197658
14,FJ,2020,2.8948528556935,0.25,0.861152110179155,6.18490255198124,1.81,1.17249006352925,90.7556891161851,3.71849423945169,-2.5952432588733387,-18.269796595047993,-4.91023548612729,3.2900496962877406,4.37490255198124,-0.07226458130454505,-0.22499999999999998,-0.10562809579073307,-0.09649994006867768,0.24822274013802836,-6.455379925438135,17.891288896131655,0.1837855920412541,-5.193179815863743,-23.48352408059437,-6.133382609414918,-0.02423535876413263,-0.34472268020670604
14,FJ,2021,2.57705404795959,0.25,0.527640251924652,5.94242130030892,0.589166666666667,,,,0.15585572213136065,-7.2714356637849695,3.8495488426834057,3.3653672523493303,5.353254633642253,-0.39006338903845483,-0.22499999999999998,-0.4391399540452361,-0.3389811917409977,-0.9726105931953047,,,,-2.4420808348590435,-12.485163149331349,2.626401719395777,0.05108219729745711,0.6336294014543071
14,FJ,2022,1.54611524604314,0.25,0.406076198872034,5.43188908929798,0.0404166666666667,,,,4.5201926639493974,22.983946210570753,4.6796052320914185,3.8857738432548397,5.391472422631313,-1.4210021909549049,-0.22499999999999998,-0.5607040070978542,-0.8495134027519384,-1.521360593195305,,,,1.9222561069589932,17.77021872502437,3.45645810880379,0.5714887882029664,0.6718471904433674
14,FJ,2023,1.20373294634491,0.25,0.415511450907836,4.97070088792201,0.03,,,,,,-0.13081919884517784,3.7669679415770996,4.940700887922009,-1.7633844906531349,-0.22499999999999998,-0.5512687550620521,-1.3107016041279085,-1.5317772598619717,,,,,,-1.3539663221328064,0.45268288652522637,0.2210756557340634
15,MU,2010,8.35,4.75,3.7,8.875,3.83,6.90990143436713,97.4913339906506,3.72436971188742,,,,0.5250000000000004,5.045,3.0415909090909086,0.6636363636363631,1.5492424242424248,0.4083333333333332,0.9934469696969703,-1.8357810748106242,-11.175709179176707,0.6581113904341649,,,,-2.6332575757575762,-0.585113636363638
15,MU,2011,7.10833333333333,5.4,3.29166666666667,8.91666666666667,3.96083333333333,6.43013466928476,96.6398213042916,4.01095088063514,6.522492548692995,7.367911753913696,-3.503033812864415,1.8083333333333398,4.95583333333334,1.7999242424242388,1.3136363636363635,1.1409090909090946,0.45000000000000284,1.1242803030303001,-2.3155478398929947,-12.027221865535708,0.9446925591818851,3.595555328311712,3.367240472871849,-6.322391372570385,-1.3499242424242368,-0.6742803030302982
15,MU,2012,6.23333333333334,4.9,3.08333333333333,8.66666666666667,3.6275,8.16198202530313,98.5664079560491,3.76724090790525,3.8521603331599428,6.04783953884354,4.087130279408853,2.43333333333333,5.03916666666667,0.9249242424242485,0.8136363636363635,0.9325757575757545,0.20000000000000284,0.7909469696969702,-0.5837004838746243,-10.100635213778205,0.7009825864519947,0.9252231127786601,2.047168257801693,1.267772719702883,-0.7249242424242466,-0.5909469696969678
15,MU,2013,6.8125,4.65,2.79166666666667,8.5,2.855,5.78430196041544,96.8728356431116,3.41144211358479,3.5432957393489355,7.633668335976091,-1.4597966243841038,1.6875,5.645,1.504090909090909,0.5636363636363635,0.6409090909090946,0.033333333333333215,0.01844696969697024,-2.961380548762315,-11.79420752671571,0.34518379213153505,0.6163585189676528,3.6329970549342434,-4.279154184090073,-1.4707575757575766,0.014886363636361644
15,MU,2014,6.78416666666667,4.65,2.41666666666667,8.5,2.365,8.73825114234485,99.3019993531034,3.31121342300626,3.217691919946572,6.078254210926549,5.481861219713294,1.7158333333333298,6.135,1.4757575757575792,0.5636363636363635,0.26590909090909465,0.033333333333333215,-0.47155303030302953,-0.007431366832904018,-9.365043816723912,0.24495510155300515,0.29075469956528943,2.077582929884702,2.6625036600073244,-1.4424242424242468,0.5048863636363619
15,MU,2015,6.08583333333333,4.4,2.0,8.5,2.14166666666667,10.1726501326301,104.053486534669,2.93307741812585,1.286549707602744,5.141738124795491,13.113297045836337,2.41416666666667,6.35833333333333,0.7774242424242388,0.3136363636363635,-0.15075757575757542,0.033333333333333215,-0.6948863636363596,1.4269676234523452,-4.613556635158304,-0.13318090332740518,-1.6403875127785388,1.1410668437536442,10.293939486130366,-0.7440909090909065,0.7282196969696919
15,MU,2016,5.15416666666667,4.0,1.89583333333333,8.5,2.67583333333333,9.08457920471175,106.739849060766,2.70914819035429,0.9776751347186325,6.339205960050934,0.3382680342280475,3.3458333333333297,5.82416666666667,-0.15424242424242074,-0.08636363636363686,-0.2549242424242455,0.033333333333333215,-0.16071969696969957,0.33889669553399493,-1.927194109061304,-0.35711013109896506,-1.9492620856626501,2.3385346790090864,-2.4810895254779224,0.18757575757575307,0.19405303030303234
15,MU,2017,3.05416666666667,3.5,1.53333333333333,8.5,2.20916666666667,9.27061617481887,110.40937792651,2.53010377234136,3.6669970267594816,5.638934810776998,-7.01553175359135,5.44583333333333,6.29083333333333,-2.2542424242424213,-0.5863636363636369,-0.6174242424242453,0.033333333333333215,-0.6273863636363597,0.5249336656411145,1.7423347566826948,-0.5361545491118949,0.7400598063781989,1.638263529735151,-9.834889313297321,2.2875757575757536,0.660719696969692
15,MU,2018,3.34333333333333,3.5,1.2625,8.5,3.455,6.28440588475142,110.96810826359,2.5738509620656,3.216053831445383,5.74925823867902,2.2846869232285476,5.15666666666667,5.045,-1.965075757575761,-0.5863636363636369,-0.8882575757575755,0.033333333333333215,0.6184469696969703,-2.4612766244263344,2.3010650937626878,-0.49240735938765523,0.28911661106410014,1.7485869576371726,-0.5346706364774221,1.9984090909090932,-0.585113636363638
15,MU,2019,3.74583333333333,3.35,1.3,8.45,3.0225,8.48462028173344,117.54810207679,2.30488514965196,0.4056551903097087,2.411973274512196,6.86535002686224,4.704166666666669,5.427499999999999,-1.562575757575761,-0.7363636363636368,-0.8507575757575754,-0.016666666666667496,0.18594696969697022,-0.26106222744431484,8.881058906962693,-0.7613731718012953,-2.521282030071574,-1.5886980065296514,4.04599246715627,1.5459090909090927,-0.2026136363636386
15,MU,2020,1.72083333333333,1.85,0.383333333333333,7.225,1.05958333333333,16.8810646905944,156.746152758569,2.45255900642789,2.580800771828433,-12.402071438056035,8.001344258622243,5.50416666666667,6.16541666666667,-3.587575757575761,-2.2363636363636368,-1.7674242424242423,-1.2416666666666671,-1.7769696969696998,8.135382181416645,48.07910958874169,-0.6136993150253649,-0.34613644855284953,-16.402742719097883,5.1819866989162735,2.3459090909090934,0.535303030303032
15,MU,2021,0.705,1.85,0.15,6.87083333333333,0.668333333333333,8.84810654987261,159.949073381039,2.14526007304511,4.028528881573222,6.734567405861845,10.121279276270865,6.16583333333333,6.202499999999997,-4.603409090909091,-2.2363636363636368,-2.0007575757575755,-1.5958333333333368,-2.1682196969696967,0.10242404069485467,51.28203021121169,-0.9209982484081451,1.1015916611919394,2.7338961248199976,7.3019217165648955,3.0075757575757534,0.5723863636363591
15,MU,2022,1.21666666666667,4.5,0.375,7.50416666666667,1.36333333333333,5.25662705352603,140.900122403983,2.34123220938636,10.77375122429044,19.486766066494432,0.8378245507633901,6.2875,6.14083333333334,-4.091742424242421,0.41363636363636314,-1.7757575757575754,-0.9624999999999968,-1.4732196969696998,-3.489055455651725,32.233079234155696,-0.725026112066895,7.846814003909157,15.486094785452586,-1.9815330089425796,3.129242424242423,0.5107196969697023
15,MU,2023,4.57916666666667,4.5,2.51666666666667,9.5,4.0725,,,,7.0529823845468975,,0.9283707833171175,4.92083333333333,5.4275,-0.7292424242424209,0.41363636363636314,0.36590909090909474,1.0333333333333332,1.23594696969697,,,,4.126045164165615,,-1.8909867763888522,1.7625757575757532,-0.20261363636363772
16,DO,2010,4.82,5.0,2.74166666666667,12.1366666666667,,12.3379520802011,32.4230403415421,4.50723865809972,,,,7.3166666666667,,-1.299714332585892,-0.2727272727272725,1.042559848484852,-1.5482432306060456,0.0,0.7280462128536662,-2.024221422768939,0.23211212009880278,,,,-0.24852889802015365,0.0
16,DO,2011,7.555,6.75,2.74333333333333,15.55,,12.5686909059422,32.7494432866793,4.6189705147711,5.796768092064994,11.44675573178821,3.420479186757095,7.995000000000001,,1.4352856674141075,1.4772727272727275,1.0442265151515122,1.8650901027272546,,0.9587850385947654,-1.6978184776317349,0.3438439767701835,2.576028332539475,2.9411476337272315,-1.1058716801725859,0.42980443531314716,
16,DO,2012,7.0507406750759,5.0,2.5875,15.4825,,9.95364367457718,33.3560382761057,5.68783199178214,3.694497078848062,7.954085790749193,4.054597064596399,8.4317593249241,,0.931026342490008,-0.2727272727272725,0.888393181818182,1.7975901027272538,,-1.6562621927702548,-1.0912234882053369,1.4127054537812231,0.47375731932254306,-0.5515223073117852,-0.4717538023332821,0.8665637602372458,
16,DO,2013,5.58619089438646,6.25,2.24166666666667,13.5914005366667,,11.950574689359,34.010347799762,4.53522958331273,4.8309509674080005,9.796808795992105,5.92498892236246,8.00520964228024,,-0.533523438199432,0.9772727272727275,0.542559848484852,-0.09350936060604553,,0.34066882201156545,-0.43691396454903497,0.26010304531181294,1.6102112078824815,1.2912006979311261,1.3986380554327793,0.4400140775933865,
16,DO,2014,6.39952608898245,6.25,2.02083333333333,13.9025,,9.26752299008154,33.2767323888442,4.59816537342485,2.9986422612520234,11.67642353312988,3.6599501755074733,7.50297391101755,,0.2798117563965574,0.9772727272727275,0.32172651515151207,0.21759010272725376,,-2.3423828772658943,-1.1705293754668347,0.3230388354239331,-0.22209749827349556,3.170815435068901,-0.8664006914222075,-0.062221653669303656,
16,DO,2015,6.42916666666667,5.0,1.78666666666667,14.8766666666667,,12.1113155236581,34.048496160952,4.60128253859011,0.8367463467250649,9.570132757103753,2.701081920719275,8.44750000000003,,0.30945233408077755,-0.2727272727272725,0.0875598484848521,1.1917567693939546,,0.5014096563106651,-0.3987656033590383,0.3261560005891928,-2.383993412800454,1.0645246590427746,-1.825268946210406,0.8823044353131761,
16,DO,2016,6.69333333333333,5.5,1.60083333333333,15.0841666666667,,9.75223379825405,34.3510269404731,4.23938048971342,1.6141660724518823,8.785641767249668,2.5284055985810405,8.39083333333337,,0.5736190007474375,0.22727272727272751,-0.09827348484848786,1.3992567693939542,,-1.8576720690933843,-0.09623482383793913,-0.03574604828749717,-1.6065736870736367,0.28003366918868977,-1.9979452683486403,0.8256377686465166,
16,DO,2017,6.00333333333333,5.25,1.55583333333333,13.91,,9.71039798869414,34.561205261318,4.02279472428278,3.279556946785626,9.04321213637954,3.4108961979351773,7.90666666666667,,-0.11638099925256196,-0.022727272727272485,-0.1432734848484878,0.22509010272725405,,-1.899507878653294,0.11394349700696438,-0.2523318137181372,0.058817187260106873,0.5376040383185607,-1.1154546689945035,0.341471101979816,
16,DO,2018,6.00896666666667,5.5,0.715458333333333,12.5337,,6.63694029296926,33.0859285398837,3.6678418398546,3.5644342601351493,11.391801425868769,4.09301998165605,6.524733333333329,,-0.11074766591922192,0.22727272727272751,-0.9836484848484849,-1.1512098972727465,,-4.972965574378175,-1.3613332244273337,-0.6072846981463167,0.34369450060963036,2.8861933278077903,-0.43333088527363106,-1.0404622313535246,
16,DO,2019,6.12320833333333,4.5,0.402525,12.4867666666667,,11.6688562177909,34.3034639443454,3.43931576626697,1.8106037704292852,7.705385174326956,5.338311169101869,6.36355833333337,,0.0034940007474375534,-0.7727272727272725,-1.2965818181818178,-1.1981432306060462,,0.05895035044346564,-0.14379781996563423,-0.8358107717339469,-1.4101359890962337,-0.8002229237340224,0.8119603021721886,-1.2016372313534838,
16,DO,2020,4.64739166666667,3.0,0.293858333333333,10.9796416666667,,21.7508363792943,42.7541564675159,3.10834043791166,3.7810317991551,-2.314166131978264,10.131778452079963,6.3322500000000295,,-1.4723226659192221,-2.2727272727272725,-1.4052484848484847,-2.7052682306060465,,10.140930511946864,8.306894703204861,-1.166786100089257,0.560292039629581,-10.819774230039243,5.605427585150283,-1.2329455646868244,
16,DO,2021,2.485175,3.5,0.232016666666667,9.60830833333333,,13.7042096284029,40.1750787512986,2.88483040477318,8.243003479818599,21.003560431062088,-1.3386848724151694,7.12313333333333,,-3.6345393325858923,-1.7727272727272725,-1.4670901515151509,-4.076601563939416,,2.094303761055466,5.727816986987563,-1.390296133227737,5.02226372029308,12.497952333001109,-5.86503573934485,-0.44206223135352385,
16,DO,2022,6.73916666666667,8.5,0.203691666666667,11.85005,,5.5682071599167,36.5328722737994,2.85605818805178,8.811092092795382,16.0930080861741,-1.9652411760514743,5.110883333333329,,0.619452334080778,3.2272727272727275,-1.4954151515151508,-1.8348598972727466,,-6.041698707430735,2.0856105094883617,-1.419068349949137,5.5903523332698635,7.58739998811312,-6.491592042981155,-2.4543122313535246,
16,DO,2023,9.16181666666667,7.0,0.23835,14.4345416666667,,,,,4.785612810211224,8.936179547681016,3.265667154723459,5.27272500000003,,3.042102334080778,1.7272727272727275,-1.4607568181818178,0.7496317693939538,,,,,1.564873050685705,0.4305714496200377,-1.2606837122062218,-2.292470564686824,
